post_code,post_name,post_url,product_name,size,image_name
A1-1,오드리선 그린웨이 유기농 순면 오버나이트 생리대 날개형,https://www.coupang.com/vp/products/159814823?itemId=470199035&vendorItemId=70812286585&q=%EC%98%A4%EB%93%9C%EB%A6%AC%EC%84%A0+%EA%B7%B8%EB%A6%B0%EC%9B%A8%EC%9D%B4&itemsCount=26&searchId=8c2120d1e01d403bb3541889b2e97464&rank=1&isAddedCart=,,,A1-1.jpg
A1-2,오드리선 그린웨이 유기농 순면 대형 생리대 날개형,https://www.coupang.com/vp/products/159814825?itemId=470199044&vendorItemId=4174423302&q=%EC%98%A4%EB%93%9C%EB%A6%AC%EC%84%A0+%EA%B7%B8%EB%A6%B0%EC%9B%A8%EC%9D%B4&itemsCount=26&searchId=8c2120d1e01d403bb3541889b2e97464&rank=2&isAddedCart=,,,A1-2.jpg
A1-3,오드리선 그린웨이 유기농 순면 중형 생리대 날개형,https://www.coupang.com/vp/products/159814829?itemId=458809959&vendorItemId=5462490113&pickType=COU_PICK&q=%EC%98%A4%EB%93%9C%EB%A6%AC%EC%84%A0+%EA%B7%B8%EB%A6%B0%EC%9B%A8%EC%9D%B4&itemsCount=26&searchId=8c2120d1e01d403bb3541889b2e97464&rank=3&isAddedCart=,,,A1-3.jpg
A3-1,오드리선 슈퍼울트라 슬림 대형 생리대 날개형,https://www.coupang.com/vp/products/45040509?itemId=1083936436&vendorItemId=3776369967&q=%EC%98%A4%EB%93%9C%EB%A6%AC%EC%84%A0+%EC%9A%B8%ED%8A%B8%EB%9D%BC%EC%8A%AC%EB%A6%BC&itemsCount=36&searchId=18c1ffd53a9b4cf0a2a38a442e77078b&rank=1&isAddedCart=,,,A3-1.jpg
A3-2,오드리선 울트라슬림 오버나이트 생리대,https://www.coupang.com/vp/products/94436094?itemId=3306742134&vendorItemId=3776369880&q=%EC%98%A4%EB%93%9C%EB%A6%AC%EC%84%A0+%EC%9A%B8%ED%8A%B8%EB%9D%BC%EC%8A%AC%EB%A6%BC&itemsCount=36&searchId=18c1ffd53a9b4cf0a2a38a442e77078b&rank=2&isAddedCart=,,,A3-2.jpg
A3-3,오드리선 순면 생리대 울트라슬림 세트 [중형4],https://www.coupang.com/vp/products/315880005?itemId=1004312741&vendorItemId=5434016768&q=%EC%98%A4%EB%93%9C%EB%A6%AC%EC%84%A0+%EC%9A%B8%ED%8A%B8%EB%9D%BC%EC%8A%AC%EB%A6%BC&itemsCount=36&searchId=18c1ffd53a9b4cf0a2a38a442e77078b&rank=3&isAddedCart=,,,A3-3.jpg
B10-1,유기농본 골드 중형 생리대 16p × 2팩 + 대형 생리대 14p,https://www.coupang.com/vp/products/1721735509?itemId=2930495442&vendorItemId=70919090354&q=%EC%88%9C%EB%A9%B4%EB%B3%B8%EC%83%9D%EB%A6%AC%EB%8C%80(%EB%8C%80%ED%98%95)&itemsCount=36&searchId=3501c927e86d43f693b7d01e2e97eed0&rank=1&isAddedCart=,,,B10-1.jpg
B10-2,유기농본 골드 생리대 날개형 중형 16p + 대형 14p,https://www.coupang.com/vp/products/68671974?itemId=229252682&vendorItemId=3559986449&pickType=COU_PICK&q=%EC%88%9C%EB%A9%B4%EB%B3%B8%EC%83%9D%EB%A6%AC%EB%8C%80(%EB%8C%80%ED%98%95)&itemsCount=36&searchId=3501c927e86d43f693b7d01e2e97eed0&rank=2&isAddedCart=,,,B10-2.jpg
B10-3,유기농본 골드 대형 생리대 슬림 날개형,https://www.coupang.com/vp/products/112592900?itemId=358706980&vendorItemId=4193922829&q=%EC%88%9C%EB%A9%B4%EB%B3%B8%EC%83%9D%EB%A6%AC%EB%8C%80(%EB%8C%80%ED%98%95)&itemsCount=36&searchId=3501c927e86d43f693b7d01e2e97eed0&rank=3&isAddedCart=,,,B10-3.jpg
B11-1,유기농본 순면본 생리대 소형 울트라 날개형,https://www.coupang.com/vp/products/2915589?itemId=768411542&vendorItemId=4940084340&q=%EC%88%9C%EB%A9%B4%EB%B3%B8%EC%83%9D%EB%A6%AC%EB%8C%80(%EC%86%8C%ED%98%95)&itemsCount=36&searchId=d932eeaf18784acebbc7e2faf1435cab&rank=1&isAddedCart=,,,B11-1.jpg
B11-2,유기농본 골드 소형 생리대 날개형,https://www.coupang.com/vp/products/191251943?itemId=546629221&vendorItemId=4433409159&q=%EC%88%9C%EB%A9%B4%EB%B3%B8%EC%83%9D%EB%A6%AC%EB%8C%80(%EC%86%8C%ED%98%95)&itemsCount=36&searchId=d932eeaf18784acebbc7e2faf1435cab&rank=2&isAddedCart=,,,B11-2.jpg
B11-3,유기농본 골드 생리대 날개형 중형 16p 2팩+ 대형 14p 2팩,https://www.coupang.com/vp/products/1082688901?itemId=2035811081&vendorItemId=70576021183&q=%EC%88%9C%EB%A9%B4%EB%B3%B8%EC%83%9D%EB%A6%AC%EB%8C%80(%EC%86%8C%ED%98%95)&itemsCount=36&searchId=d932eeaf18784acebbc7e2faf1435cab&rank=3&isAddedCart=,,,B11-3.jpg
B12-2,유기농본 골드 중형 생리대 슬림 날개형,https://www.coupang.com/vp/products/120498776?itemId=358703417&vendorItemId=3831490961&pickType=COU_PICK&q=%EC%88%9C%EB%A9%B4%EB%B3%B8%EC%83%9D%EB%A6%AC%EB%8C%80(%EC%A4%91%ED%98%95)&itemsCount=36&searchId=cb7d9de350bd49f799b02da1e6ae18d0&rank=2&isAddedCart=,,,B12-2.jpg
B13-1,티에스컴즈 갤럭시S5 LTE A겸용 스키니 울트라슬림 젤리 케이스 휴대폰 BAR형,https://www.coupang.com/vp/products/342419575?itemId=1089087982&vendorItemId=70044420868&q=%EC%98%A4%EC%94%A8%EB%B3%B8%EC%9A%B8%ED%8A%B8%EB%9D%BC%EC%8A%AC%EB%A6%BC%EC%83%9D%EB%A6%AC%EB%8C%80(%EB%8C%80%ED%98%95)&itemsCount=7&searchId=39e4c83d0671486ab1085655bd712a94&rank=1&isAddedCart=,,,B13-1.jpg
B13-2,윤성커뮤니케이션 장갑-핸드맥스 울트라슬림 핸드맥스 울트라그립 L 10조 스포츠 장갑,https://www.coupang.com/vp/products/333105709?itemId=1064087275&vendorItemId=70431719620&q=%EC%98%A4%EC%94%A8%EB%B3%B8%EC%9A%B8%ED%8A%B8%EB%9D%BC%EC%8A%AC%EB%A6%BC%EC%83%9D%EB%A6%AC%EB%8C%80(%EB%8C%80%ED%98%95)&itemsCount=7&searchId=39e4c83d0671486ab1085655bd712a94&rank=2&isAddedCart=,,,B13-2.jpg
B13-3,채은마켓 끈적임없는 백탁없는 울트라슬림 선크림 썬크림 SPF50 선블록 선로션,https://www.coupang.com/vp/products/325514951?itemId=1042139725&vendorItemId=70091907234&q=%EC%98%A4%EC%94%A8%EB%B3%B8%EC%9A%B8%ED%8A%B8%EB%9D%BC%EC%8A%AC%EB%A6%BC%EC%83%9D%EB%A6%AC%EB%8C%80(%EB%8C%80%ED%98%95)&itemsCount=7&searchId=39e4c83d0671486ab1085655bd712a94&rank=3&isAddedCart=,,,B13-3.jpg
B15-1,유기농본 오씨본 울트라슬림 중형 날개형 생리대,https://www.coupang.com/vp/products/226862313?itemId=434301&vendorItemId=3000344959&q=%EC%98%A4%EC%94%A8%EB%B3%B8%EC%9A%B8%ED%8A%B8%EB%9D%BC%EC%8A%AC%EB%A6%BC%EC%83%9D%EB%A6%AC%EB%8C%80(%EC%A4%91%ED%98%95)&itemsCount=15&searchId=48779a56a29545fa8d35a8914252def6&rank=1&isAddedCart=,,,B15-1.jpg
B15-3,랄라블라 [동수원NC점] 오씨본 울트라슬림 생리대 중형 날개형 16P(14160),https://www.coupang.com/vp/products/1483667919?itemId=2548547958&vendorItemId=70541133346&q=%EC%98%A4%EC%94%A8%EB%B3%B8%EC%9A%B8%ED%8A%B8%EB%9D%BC%EC%8A%AC%EB%A6%BC%EC%83%9D%EB%A6%AC%EB%8C%80(%EC%A4%91%ED%98%95)&itemsCount=15&searchId=48779a56a29545fa8d35a8914252def6&rank=3&isAddedCart=,,,B15-3.jpg
B4-1,유기농본 에스 울트라슬림 소형 생리대 날개형,https://www.coupang.com/vp/products/133448682?itemId=779406758&vendorItemId=5492928202&q=%EB%B3%B8%EC%97%90%EC%8A%A4%EC%83%9D%EB%A6%AC%EB%8C%80(%EC%86%8C%ED%98%95)&itemsCount=36&searchId=3901f95112a74f638c0bc89a31115923&rank=1&isAddedCart=,,,B4-1.jpg
B4-2,유기농본 플러스 도톰한 소형 생리대 날개형,https://www.coupang.com/vp/products/196764011?itemId=566847115&vendorItemId=4488005163&q=%EB%B3%B8%EC%97%90%EC%8A%A4%EC%83%9D%EB%A6%AC%EB%8C%80(%EC%86%8C%ED%98%95)&itemsCount=36&searchId=3901f95112a74f638c0bc89a31115923&rank=2&isAddedCart=,,,B4-2.jpg
B5-1,유기농본 에스 슈퍼롱 오버나이트 생리대 날개형,https://www.coupang.com/vp/products/25903299?itemId=518879833&vendorItemId=4340249840&q=%EB%B3%B8%EC%97%90%EC%8A%A4%EC%83%9D%EB%A6%AC%EB%8C%80(%EC%8A%88%ED%8D%BC%EB%A1%B1)&itemsCount=36&searchId=927da3d9c57544e294e3f2faa6fd2de2&rank=1&isAddedCart=,,,B5-1.jpg
B5-2,유기농본 에스 울트라 슬림 수퍼롱 생리대,https://www.coupang.com/vp/products/2920623?itemId=206028&vendorItemId=3000131915&q=%EB%B3%B8%EC%97%90%EC%8A%A4%EC%83%9D%EB%A6%AC%EB%8C%80(%EC%8A%88%ED%8D%BC%EB%A1%B1)&itemsCount=36&searchId=927da3d9c57544e294e3f2faa6fd2de2&rank=2&isAddedCart=,,,B5-2.jpg
B6-1,유기농본 플러스 도톰한 대형 생리대 날개형,https://www.coupang.com/vp/products/196764021?itemId=718893515&vendorItemId=4819089724&pickType=COU_PICK&q=%EB%B3%B8%ED%94%8C%EB%9F%AC%EC%8A%A4%EB%8F%84%ED%86%B0%ED%95%9C%EC%83%9D%EB%A6%AC%EB%8C%80%EB%8C%80%ED%98%95&itemsCount=36&searchId=effb14a38395467fbda283379134bfa8&rank=1&isAddedCart=,,,B6-1.jpg
B6-2,유기농본 생리대 날개형 대형 28p x 2팩 + 중형 30p,https://www.coupang.com/vp/products/1708903243?itemId=2908225092&vendorItemId=70896966731&q=%EB%B3%B8%ED%94%8C%EB%9F%AC%EC%8A%A4%EB%8F%84%ED%86%B0%ED%95%9C%EC%83%9D%EB%A6%AC%EB%8C%80%EB%8C%80%ED%98%95&itemsCount=36&searchId=effb14a38395467fbda283379134bfa8&rank=2&isAddedCart=,,,B6-2.jpg
B7-1,유기농본 플러스 도톰한 중형 생리대 날개형,https://www.coupang.com/vp/products/196764009?itemId=663068763&vendorItemId=4715742776&pickType=COU_PICK&q=%EB%B3%B8%ED%94%8C%EB%9F%AC%EC%8A%A4%EB%8F%84%ED%86%B0%ED%95%9C%EC%83%9D%EB%A6%AC%EB%8C%80%EC%A4%91%ED%98%95&itemsCount=5&searchId=002c1c518187413fa45182b590b3d044&rank=1&isAddedCart=,,,B7-1.jpg
B8-3,유기농본 뉴본플러스 소형 생리대 날개형,https://www.coupang.com/vp/products/1734227055?itemId=2952315191&vendorItemId=70940835055&q=%EB%B3%B8%ED%94%8C%EB%9F%AC%EC%8A%A4%EC%86%8C%ED%98%95&itemsCount=36&searchId=1756c1fc06564f058dcce1485432ada3&rank=3&isAddedCart=,,,B8-3.jpg
B9-1,유기농본 플러스 유기농순면커버 중형 생리대 날개형,https://www.coupang.com/vp/products/196764009?itemId=718893478&vendorItemId=4819089686&pickType=COU_PICK&q=%EB%B3%B8%ED%94%8C%EB%9F%AC%EC%8A%A4%EC%A4%91%ED%98%95&itemsCount=36&searchId=b54a265e253d485a8f4b0e41891203e1&rank=1&isAddedCart=,,,B9-1.jpg
C16-1,바디피트 순간흡수 오버나이트 12p x 4팩 + 한결중형2p x 3팩,https://www.coupang.com/vp/products/156571806?itemId=450806952&vendorItemId=70910841838&q=%EC%8F%98%ED%94%BC%EA%B7%80%EC%95%A0%EB%9E%91%EC%98%A4%EB%B2%84%EB%82%98%EC%9D%B4%ED%8A%B8&itemsCount=36&searchId=a3c93435b79a403da213a5459d71c8f5&rank=1&isAddedCart=,,,C16-1.jpg
C16-2,쏘피 귀애랑 안심숙면 330 오버나이트 날개형 생리대,https://www.coupang.com/vp/products/1449794?itemId=6321868&vendorItemId=3027319436&q=%EC%8F%98%ED%94%BC%EA%B7%80%EC%95%A0%EB%9E%91%EC%98%A4%EB%B2%84%EB%82%98%EC%9D%B4%ED%8A%B8&itemsCount=36&searchId=a3c93435b79a403da213a5459d71c8f5&rank=2&isAddedCart=,,,C16-2.jpg
C16-3,바디피트 귀애랑 생리대 중형 20p x 2팩 + 2p x 3팩 + 오버나이트 12p,https://www.coupang.com/vp/products/13466654?itemId=56246113&vendorItemId=4741792401&q=%EC%8F%98%ED%94%BC%EA%B7%80%EC%95%A0%EB%9E%91%EC%98%A4%EB%B2%84%EB%82%98%EC%9D%B4%ED%8A%B8&itemsCount=36&searchId=a3c93435b79a403da213a5459d71c8f5&rank=3&isAddedCart=,,,C16-3.jpg
C17-1,바디피트 볼록맞춤 대형 생리대 날개형,https://www.coupang.com/vp/products/157062538?itemId=452010972&vendorItemId=5246736660&q=%EC%8F%98%ED%94%BC%EA%B7%80%EC%95%A0%EB%9E%91%ED%8C%AC%ED%8B%B0%EB%9D%BC%EC%9D%B4%EB%84%88%EB%A1%B1&itemsCount=36&searchId=b31ed5c2680242529dc4a597d727d255&rank=1&isAddedCart=,,,C17-1.jpg
C17-2,바디피트 귀애랑 생리대 대형 18P x 4팩,https://www.coupang.com/vp/products/169135994?itemId=484025163&vendorItemId=4218820019&q=%EC%8F%98%ED%94%BC%EA%B7%80%EC%95%A0%EB%9E%91%ED%8C%AC%ED%8B%B0%EB%9D%BC%EC%9D%B4%EB%84%88%EB%A1%B1&itemsCount=36&searchId=b31ed5c2680242529dc4a597d727d255&rank=2&isAddedCart=,,,C17-2.jpg
C17-3,쏘피 귀애랑 롱 팬티라이너,https://www.coupang.com/vp/products/2298293?itemId=6230314&vendorItemId=4845797118&q=%EC%8F%98%ED%94%BC%EA%B7%80%EC%95%A0%EB%9E%91%ED%8C%AC%ED%8B%B0%EB%9D%BC%EC%9D%B4%EB%84%88%EB%A1%B1&itemsCount=36&searchId=b31ed5c2680242529dc4a597d727d255&rank=3&isAddedCart=,,,C17-3.jpg
C18-1,LG 쏘피내몸에순한면내추럴컬러대형16Px3팩/무표백생리대,https://www.coupang.com/vp/products/1575644136?itemId=2694154294&vendorItemId=70763831787&q=%EC%8F%98%ED%94%BC%EB%82%B4%EB%AA%B8%EC%97%90%EC%88%9C%ED%95%9C%EB%A9%B4%EB%82%B4%EC%B6%94%EB%9F%B4%EC%BB%AC%EB%9F%AC%EB%8C%80%ED%98%95&itemsCount=2&searchId=b86f8a00ef6b4aa8b2c864807b84ae43&rank=1&isAddedCart=,,,C18-1.jpg
C19-2,LG 쏘피내몸에순한면내추럴컬러슈퍼롱10P/무표백생리대,https://www.coupang.com/vp/products/1567222521?itemId=2679748517&vendorItemId=70670258151&q=%EC%8F%98%ED%94%BC%EB%82%B4%EB%AA%B8%EC%97%90%EC%88%9C%ED%95%9C%EB%A9%B4%EB%82%B4%EC%B6%94%EB%9F%B4%EC%BB%AC%EB%9F%AC%EC%8A%88%ED%8D%BC%EB%A1%B1&itemsCount=3&searchId=ac0144f5a6ca44609d229c128c0e07e4&rank=2&isAddedCart=,,,C19-2.jpg
C20-1,쏘피 바디피트 볼록맞춤 대형 생리대 날개형 16p x 4팩 + 유기농 울트라슬림 중형 2p + 한결 안심숙면 슈퍼롱 2p,https://www.coupang.com/vp/products/162115302?itemId=465675769&vendorItemId=5125102040&q=%EC%8F%98%ED%94%BC%EB%B0%94%EB%94%94%ED%94%BC%ED%8A%B8%EA%B7%80%EC%95%A0%EB%9E%91%EC%9A%B8%ED%8A%B8%EB%9D%BC%EC%8A%AC%EB%A6%BC%EB%82%A0%EA%B0%9C%ED%98%95%EB%8C%80%ED%98%95&itemsCount=24&searchId=b25aa6fbd8664cefa661f4bc79e4d11a&rank=1&isAddedCart=,,,C20-1.jpg
C20-2,바디피트 귀애랑 울트라슬림 날개형 대형 36p 2개,https://www.coupang.com/vp/products/323547101?itemId=1035937944&vendorItemId=5489130809&q=%EC%8F%98%ED%94%BC%EB%B0%94%EB%94%94%ED%94%BC%ED%8A%B8%EA%B7%80%EC%95%A0%EB%9E%91%EC%9A%B8%ED%8A%B8%EB%9D%BC%EC%8A%AC%EB%A6%BC%EB%82%A0%EA%B0%9C%ED%98%95%EB%8C%80%ED%98%95&itemsCount=24&searchId=b25aa6fbd8664cefa661f4bc79e4d11a&rank=2&isAddedCart=,,,C20-2.jpg
C20-3,바디피트 귀애랑 울트라슬림 날개형 중형 40p 3개,https://www.coupang.com/vp/products/323543565?itemId=1035928871&vendorItemId=5489117318&q=%EC%8F%98%ED%94%BC%EB%B0%94%EB%94%94%ED%94%BC%ED%8A%B8%EA%B7%80%EC%95%A0%EB%9E%91%EC%9A%B8%ED%8A%B8%EB%9D%BC%EC%8A%AC%EB%A6%BC%EB%82%A0%EA%B0%9C%ED%98%95%EB%8C%80%ED%98%95&itemsCount=24&searchId=b25aa6fbd8664cefa661f4bc79e4d11a&rank=3&isAddedCart=,,,C20-3.jpg
C21-1,안심생리대 쏘피 바디피트 네이처 울트라슬림 날개형 대형 에이,https://www.coupang.com/vp/products/1140141011?itemId=2110998216&vendorItemId=70713908330&q=%EC%8F%98%ED%94%BC%EB%B0%94%EB%94%94%ED%94%BC%ED%8A%B8%EA%B7%80%EC%95%A0%EB%9E%91%EC%9A%B8%ED%8A%B8%EB%9D%BC%EC%8A%AC%EB%A6%BC%EB%82%A0%EA%B0%9C%ED%98%95%EC%98%A4%EB%B2%84%EB%82%98%EC%9D%B4%ED%8A%B8%EC%97%90%EC%9D%B4&itemsCount=7&searchId=8c45505ee6eb43ca807abe5a4a7be4a9&rank=1&isAddedCart=,,,C21-1.jpg
C21-2,엘지 쏘피 바디피트 네이처 울트라슬림 날개형 대형 에이 19개+19개 생활용품 > 화장지/생리대 생리대/성인기저귀 패드형 생리대 일자형생리대,https://www.coupang.com/vp/products/121202136?itemId=360543112&vendorItemId=3877381507&q=%EC%8F%98%ED%94%BC%EB%B0%94%EB%94%94%ED%94%BC%ED%8A%B8%EA%B7%80%EC%95%A0%EB%9E%91%EC%9A%B8%ED%8A%B8%EB%9D%BC%EC%8A%AC%EB%A6%BC%EB%82%A0%EA%B0%9C%ED%98%95%EC%98%A4%EB%B2%84%EB%82%98%EC%9D%B4%ED%8A%B8%EC%97%90%EC%9D%B4&itemsCount=7&searchId=8c45505ee6eb43ca807abe5a4a7be4a9&rank=2&isAddedCart=,,,C21-2.jpg
C21-3,엘지 쏘피 바디피트 볼록맞춤 울트라슬림 날개형 오버나이트 에이 12개입 생활용품 > 화장지/생리대 생리대/성인기저귀 패드형 생리대 일자형생리대,https://www.coupang.com/vp/products/121202148?itemId=360543136&vendorItemId=3877381579&q=%EC%8F%98%ED%94%BC%EB%B0%94%EB%94%94%ED%94%BC%ED%8A%B8%EA%B7%80%EC%95%A0%EB%9E%91%EC%9A%B8%ED%8A%B8%EB%9D%BC%EC%8A%AC%EB%A6%BC%EB%82%A0%EA%B0%9C%ED%98%95%EC%98%A4%EB%B2%84%EB%82%98%EC%9D%B4%ED%8A%B8%EC%97%90%EC%9D%B4&itemsCount=7&searchId=8c45505ee6eb43ca807abe5a4a7be4a9&rank=3&isAddedCart=,,,C21-3.jpg
C23-1,쏘피 유기농 100% 순면커버 대형 생리대 날개형,https://www.coupang.com/vp/products/2916150?itemId=513877186&vendorItemId=4824445538&isAddedCart=,,,C23-1.jpg
C23-3,쏘피 바디피트 볼록맞춤 중형 생리대 날개형 48p + 대형 12p,https://www.coupang.com/vp/products/128884877?itemId=379699356&vendorItemId=4909305508&isAddedCart=,,,C23-3.jpg
C24-1,바디피트 귀애랑 팬티라이너 일반,https://www.coupang.com/vp/products/2917519?itemId=6321874&vendorItemId=4916647467&q=%EC%8F%98%ED%94%BC%EB%B0%94%EB%94%94%ED%94%BC%ED%8A%B8%EB%B3%BC%EB%A1%9D%EB%A7%9E%EC%B6%A4%EC%86%8C%ED%98%95&itemsCount=36&searchId=1bee8c76a76b4284ac3187ebcb502a1b&rank=1&isAddedCart=,,,C24-1.jpg
C24-2,쏘피 바디피트 볼록맞춤 소형 생리대 날개형,https://www.coupang.com/vp/products/106784?itemId=6461996&vendorItemId=3030641361&q=%EC%8F%98%ED%94%BC%EB%B0%94%EB%94%94%ED%94%BC%ED%8A%B8%EB%B3%BC%EB%A1%9D%EB%A7%9E%EC%B6%A4%EC%86%8C%ED%98%95&itemsCount=36&searchId=1bee8c76a76b4284ac3187ebcb502a1b&rank=2&isAddedCart=,,,C24-2.jpg
C24-3,쏘피 바디피트 귀애랑 생리대 날개형 소형 18p x 3팩 + 중형 2p 4팩,https://www.coupang.com/vp/products/11225593?itemId=48510385&vendorItemId=4741711244&q=%EC%8F%98%ED%94%BC%EB%B0%94%EB%94%94%ED%94%BC%ED%8A%B8%EB%B3%BC%EB%A1%9D%EB%A7%9E%EC%B6%A4%EC%86%8C%ED%98%95&itemsCount=36&searchId=1bee8c76a76b4284ac3187ebcb502a1b&rank=3&isAddedCart=,,,C24-3.jpg
C25-1,쏘피 바디피트 생리대 볼록맞춤 안심숙면 슈퍼롱 20p x 1팩,https://www.coupang.com/vp/products/1103560842?itemId=2064334133&vendorItemId=70750123674&q=%EC%8F%98%ED%94%BC%EB%B0%94%EB%94%94%ED%94%BC%ED%8A%B8%EB%B3%BC%EB%A1%9D%EB%A7%9E%EC%B6%A4%EC%8A%88%ED%8D%BC%EB%A1%B1&itemsCount=36&searchId=57e4fea4425e436dab6dc75bf6d53d96&rank=1&isAddedCart=,,,C25-1.jpg
C25-3,바디피트 볼록맞춤 중형16p x 2팩 + 대형16p 볼록맞춤오버12p 날개형 생리대,https://www.coupang.com/vp/products/99909471?itemId=305460856&vendorItemId=3753188101&q=%EC%8F%98%ED%94%BC%EB%B0%94%EB%94%94%ED%94%BC%ED%8A%B8%EB%B3%BC%EB%A1%9D%EB%A7%9E%EC%B6%A4%EC%8A%88%ED%8D%BC%EB%A1%B1&itemsCount=36&searchId=57e4fea4425e436dab6dc75bf6d53d96&rank=3&isAddedCart=,,,C25-3.jpg
C26-2,바디피트 순간흡수 오버나이트 생리대,https://www.coupang.com/vp/products/2301939?itemId=5702370&vendorItemId=3027237673&q=%EC%8F%98%ED%94%BC%EB%B0%94%EB%94%94%ED%94%BC%ED%8A%B8%EB%B3%BC%EB%A1%9D%EB%A7%9E%EC%B6%A4%EC%98%A4%EB%B2%84%EB%82%98%EC%9D%B4%ED%8A%B8&itemsCount=36&searchId=4065b3f6c56641bdb078baddab53ac30&rank=2&isAddedCart=,,,C26-2.jpg
C26-3,쏘피 귀애랑 안심숙면 420 슈퍼롱 오버나이트 42cm,https://www.coupang.com/vp/products/1353031?itemId=6321869&vendorItemId=3027306188&q=%EC%8F%98%ED%94%BC%EB%B0%94%EB%94%94%ED%94%BC%ED%8A%B8%EB%B3%BC%EB%A1%9D%EB%A7%9E%EC%B6%A4%EC%98%A4%EB%B2%84%EB%82%98%EC%9D%B4%ED%8A%B8&itemsCount=36&searchId=4065b3f6c56641bdb078baddab53ac30&rank=3&isAddedCart=,,,C26-3.jpg
C28-1,쏘피 바디피트 볼록맞춤 소형 생리대 날개형 16p x 4팩 + 유기농 울트라슬림 중형 2p + 한결 안심숙면 슈퍼롱 2p,https://www.coupang.com/vp/products/162115280?itemId=465675664&vendorItemId=5125088336&q=%EC%8F%98%ED%94%BC%EB%B0%94%EB%94%94%ED%94%BC%ED%8A%B8%EB%B3%BC%EB%A1%9D%EB%A7%9E%EC%B6%A4%EC%9A%B8%ED%8A%B8%EB%9D%BC%EC%8A%AC%EB%A6%BC%EB%82%A0%EA%B0%9C%ED%98%95%EC%86%8C%ED%98%95&itemsCount=14&searchId=aef75a243e814cb08d2452d0ee0ba0a3&rank=1&isAddedCart=,,,C28-1.jpg
C28-2,도매팡팡 귀애랑 울트라 슬림 날개 소형 18개입 날개형생리대,https://www.coupang.com/vp/products/1340050940?itemId=2366907016&vendorItemId=71418821216&q=%EC%8F%98%ED%94%BC%EB%B0%94%EB%94%94%ED%94%BC%ED%8A%B8%EB%B3%BC%EB%A1%9D%EB%A7%9E%EC%B6%A4%EC%9A%B8%ED%8A%B8%EB%9D%BC%EC%8A%AC%EB%A6%BC%EB%82%A0%EA%B0%9C%ED%98%95%EC%86%8C%ED%98%95&itemsCount=14&searchId=aef75a243e814cb08d2452d0ee0ba0a3&rank=2&isAddedCart=,,,C28-2.jpg
C28-3,와와마트 귀애랑 울트라슬림 날개형 중형 18P 날개형생리대,https://www.coupang.com/vp/products/1265789058?itemId=2268378774&vendorItemId=70889836447&q=%EC%8F%98%ED%94%BC%EB%B0%94%EB%94%94%ED%94%BC%ED%8A%B8%EB%B3%BC%EB%A1%9D%EB%A7%9E%EC%B6%A4%EC%9A%B8%ED%8A%B8%EB%9D%BC%EC%8A%AC%EB%A6%BC%EB%82%A0%EA%B0%9C%ED%98%95%EC%86%8C%ED%98%95&itemsCount=14&searchId=aef75a243e814cb08d2452d0ee0ba0a3&rank=3&isAddedCart=,,,C28-3.jpg
C31-3,쏘피 바디피트 볼록맞춤 대형 생리대 날개형 16p x 4팩 + 중형 2p x 3팩,https://www.coupang.com/vp/products/128331835?itemId=377889699&vendorItemId=4743044118&q=%EC%8F%98%ED%94%BC%EB%B0%94%EB%94%94%ED%94%BC%ED%8A%B8%EB%B3%BC%EB%A1%9D%EB%A7%9E%EC%B6%A4%EC%A4%91%ED%98%95&itemsCount=36&searchId=385f8b5eefa54db88cba9feee1032571&rank=3&isAddedCart=,,,C31-3.jpg
C32-1,쏘피 바디피트 귀애랑 대형 날개형 생리대 18p x 3팩 + 중형 6p,https://www.coupang.com/vp/products/16293508?itemId=66538978&vendorItemId=4741919147&q=%EC%8F%98%ED%94%BC%EB%B0%94%EB%94%94%ED%94%BC%ED%8A%B8%EC%88%9C%EA%B0%84%ED%9D%A1%EC%88%98%EB%8C%80%ED%98%95&itemsCount=36&searchId=7e4e5c9a709a4aca9d1b7ee640a92334&rank=1&isAddedCart=,,,C32-1.jpg
C32-2,바디피트 순간흡수 대형 날개형 생리대 16p x 4팩 + 한결 중형 2p x 3팩,https://www.coupang.com/vp/products/12649725?itemId=53633443&vendorItemId=4742466427&q=%EC%8F%98%ED%94%BC%EB%B0%94%EB%94%94%ED%94%BC%ED%8A%B8%EC%88%9C%EA%B0%84%ED%9D%A1%EC%88%98%EB%8C%80%ED%98%95&itemsCount=36&searchId=7e4e5c9a709a4aca9d1b7ee640a92334&rank=2&isAddedCart=,,,C32-2.jpg
C32-3,쏘피 바디피트 볼록맞춤 생리대 날개형 중형 32p + 16p + 오버나이트 12p,https://www.coupang.com/vp/products/143221165?itemId=416043558&vendorItemId=4777814592&q=%EC%8F%98%ED%94%BC%EB%B0%94%EB%94%94%ED%94%BC%ED%8A%B8%EC%88%9C%EA%B0%84%ED%9D%A1%EC%88%98%EB%8C%80%ED%98%95&itemsCount=36&searchId=7e4e5c9a709a4aca9d1b7ee640a92334&rank=3&isAddedCart=,,,C32-3.jpg
C33-1,바디피트 순간흡수 생리대 중형,https://www.coupang.com/vp/products/2912168?itemId=5702368&vendorItemId=3025924332&q=%EC%8F%98%ED%94%BC%EB%B0%94%EB%94%94%ED%94%BC%ED%8A%B8%EC%88%9C%EA%B0%84%ED%9D%A1%EC%88%98%EC%A4%91%ED%98%95&itemsCount=36&searchId=0657b04fa6df48f4b907c0afdd73dc48&rank=1&isAddedCart=,,,C33-1.jpg
C34-2,바디피트 쏘피 한결 팬티라이너 무향 롱,https://www.coupang.com/vp/products/6915935?itemId=30613196&vendorItemId=5563758153&q=%EC%8F%98%ED%94%BC%EB%B0%94%EB%94%94%ED%94%BC%ED%8A%B8%EC%B2%9C%EC%97%B0%EC%BD%94%ED%8A%BC%ED%8C%AC%ED%8B%B0%EB%9D%BC%EC%9D%B4%EB%84%88%EC%9D%BC%EB%B0%98%ED%96%A5&itemsCount=36&searchId=63c63d555baf410eb54b80a84704e60d&rank=2&isAddedCart=,,,C34-2.jpg
C34-3,바디피트 네이처 팬티라이너 롱,https://www.coupang.com/vp/products/2921448?itemId=550755222&vendorItemId=5247163696&q=%EC%8F%98%ED%94%BC%EB%B0%94%EB%94%94%ED%94%BC%ED%8A%B8%EC%B2%9C%EC%97%B0%EC%BD%94%ED%8A%BC%ED%8C%AC%ED%8B%B0%EB%9D%BC%EC%9D%B4%EB%84%88%EC%9D%BC%EB%B0%98%ED%96%A5&itemsCount=36&searchId=63c63d555baf410eb54b80a84704e60d&rank=3&isAddedCart=,,,C34-3.jpg
C35-2,LG 쏘피 유기농100%순면커버내추럴컬러대형16Px3팩/무표백생리대,https://www.coupang.com/vp/products/1567177238?itemId=2679683751&vendorItemId=70830209354&q=%EC%8F%98%ED%94%BC%EC%88%9C%EB%A9%B4%EC%BB%A4%EB%B2%84%EB%82%B4%EC%B6%94%EB%9F%B4%EC%BB%AC%EB%9F%AC%EC%A4%91%ED%98%95&itemsCount=3&searchId=c5cd5024f8cc49d59b0e997ed381d463&rank=2&isAddedCart=,,,C35-2.jpg
C36-1,바디피트 유기농100%순면커버 대형 20p x 2팩+증정6p 날개형 생리대,https://www.coupang.com/vp/products/194421530?itemId=557604446&vendorItemId=4464929282&q=%EC%8F%98%ED%94%BC%EC%88%9C%EB%A9%B4%EC%BB%A4%EB%B2%84%EB%8C%80%ED%98%95&itemsCount=36&searchId=b6f98271f6fd48bdaa5188b1a473424a&rank=1&isAddedCart=,,,C36-1.jpg
C36-2,소피 유기농 순면커버 무표백 대형 16p X 3개,https://www.coupang.com/vp/products/1790081311?itemId=3046513309&vendorItemId=71034550150&q=%EC%8F%98%ED%94%BC%EC%88%9C%EB%A9%B4%EC%BB%A4%EB%B2%84%EB%8C%80%ED%98%95&itemsCount=36&searchId=b6f98271f6fd48bdaa5188b1a473424a&rank=2&isAddedCart=,,,C36-2.jpg
C36-3,소피 유기농 순면커버 무표백 슈퍼롱 10p X 3개,https://www.coupang.com/vp/products/1790206364?itemId=3046720922&vendorItemId=71034756708&q=%EC%8F%98%ED%94%BC%EC%88%9C%EB%A9%B4%EC%BB%A4%EB%B2%84%EB%8C%80%ED%98%95&itemsCount=36&searchId=b6f98271f6fd48bdaa5188b1a473424a&rank=3&isAddedCart=,,,C36-3.jpg
C37-1,쏘피 바디피트 유기농 100% 순면커버 소형 날개형 생리대,https://www.coupang.com/vp/products/2916146?itemId=1123282&vendorItemId=4365261589&q=%EC%8F%98%ED%94%BC%EC%88%9C%EB%A9%B4%EC%BB%A4%EB%B2%84%EC%86%8C%ED%98%95&itemsCount=36&searchId=3405aa7b81fa4cabb1465472b1e7efd5&rank=1&isAddedCart=,,,C37-1.jpg
C37-3,쏘피 바디피트 귀애랑 롱 팬티라이너 38p x 4팩 (총 152p),https://www.coupang.com/vp/products/1103561806?itemId=2064335694&vendorItemId=5506089272&q=%EC%8F%98%ED%94%BC%EC%88%9C%EB%A9%B4%EC%BB%A4%EB%B2%84%EC%86%8C%ED%98%95&itemsCount=36&searchId=3405aa7b81fa4cabb1465472b1e7efd5&rank=3&isAddedCart=,,,C37-3.jpg
C38-1,쏘피 유기농 100% 순면커버 중형 생리대 날개형,https://www.coupang.com/vp/products/425560?itemId=953254308&vendorItemId=70378472241&isAddedCart=,,,C38-1.jpg
C38-2,쏘피 바디피트 유기농 순면 무표백 속커버 중형 18P x 2팩 + 손소독티슈 날개형 생리대,https://www.coupang.com/vp/products/1314092268?itemId=2331998382&vendorItemId=70328533973&isAddedCart=,,,C38-2.jpg
C41-2,쏘피 볼록맞춤 생리대 중형 16p x 4 + 중형 2p + 안심숙면 420 슈퍼롱 10p + 천연코튼 팬티라이너 일반 무향 40p,https://www.coupang.com/vp/products/13434093?itemId=56111839&vendorItemId=4825334476&q=%EC%8F%98%ED%94%BC%ED%95%9C%EA%B2%B0%EC%8A%88%ED%8D%BC%EB%A1%B1&itemsCount=36&searchId=8a666c6b47004b19987f5bc167b88741&rank=2&isAddedCart=,,,C41-2.jpg
D42-1,춤추는고래 대용량 편안한 생리대 슬림 팬티라이너 40P X 6팩 (240매),https://www.coupang.com/vp/products/1361215107?itemId=2392532802&vendorItemId=70387821951&q=%EA%B3%A0%EB%9E%98%EC%8A%AC%EB%A6%BC%EB%A1%B1%ED%8C%AC%ED%8B%B0%EB%9D%BC%EC%9D%B4%EB%84%88&itemsCount=36&searchId=3077f49536da4fbdad05254a1ed96a48&rank=1&isAddedCart=,,,D42-1.jpg
D42-2,춤추는고래 매직에어쿠션 슬림 일반 팬티라이너 40p x 2개 + 울트라슬림 중형 생리대 날개형 24p x 2개,https://www.coupang.com/vp/products/152083652?itemId=439086023&vendorItemId=4086093755&q=%EA%B3%A0%EB%9E%98%EC%8A%AC%EB%A6%BC%EB%A1%B1%ED%8C%AC%ED%8B%B0%EB%9D%BC%EC%9D%B4%EB%84%88&itemsCount=36&searchId=3077f49536da4fbdad05254a1ed96a48&rank=2&isAddedCart=,,,D42-2.jpg
D42-3,[춤추는고래] (기획10) 중형 2 대형 1 오버 1 (86매),https://www.coupang.com/vp/products/1602554615?itemId=2737201048&vendorItemId=70482690200&q=%EA%B3%A0%EB%9E%98%EC%8A%AC%EB%A6%BC%EB%A1%B1%ED%8C%AC%ED%8B%B0%EB%9D%BC%EC%9D%B4%EB%84%88&itemsCount=36&searchId=3077f49536da4fbdad05254a1ed96a48&rank=3&isAddedCart=,,,D42-3.jpg
E43-1,[동성제약] 와우 목화 유래 순면 커버 생리대 [대형-28cm 10매] 울트라 슬림 날개형,https://www.coupang.com/vp/products/282379859?itemId=896372658&vendorItemId=5251160042&q=%EC%99%80%EC%9A%B0%EC%88%9C%EB%A9%B4%EC%9A%B8%ED%8A%B8%EB%9D%BC%EC%8A%AC%EB%A6%BC%EB%8C%80%ED%98%95&itemsCount=14&searchId=5643756aef53475fabd6154bcafb1433&rank=1&isAddedCart=,,,E43-1.jpg
E43-2,동성제약 와우 울트라 슬림 날개 대형 순면커버 생리대,https://www.coupang.com/vp/products/26285931?itemId=101902028&vendorItemId=3191888050&q=%EC%99%80%EC%9A%B0%EC%88%9C%EB%A9%B4%EC%9A%B8%ED%8A%B8%EB%9D%BC%EC%8A%AC%EB%A6%BC%EB%8C%80%ED%98%95&itemsCount=14&searchId=5643756aef53475fabd6154bcafb1433&rank=2&isAddedCart=,,,E43-2.jpg
E43-3,[동성제약]와우순면생리대_울트라슬림날개형,https://www.coupang.com/vp/products/1733860180?itemId=2951653116&vendorItemId=70940177179&q=%EC%99%80%EC%9A%B0%EC%88%9C%EB%A9%B4%EC%9A%B8%ED%8A%B8%EB%9D%BC%EC%8A%AC%EB%A6%BC%EB%8C%80%ED%98%95&itemsCount=14&searchId=5643756aef53475fabd6154bcafb1433&rank=3&isAddedCart=,,,E43-3.jpg
E44-1,동성제약 와우 울트라 슬림 날개 중형 순면커버 생리대,https://www.coupang.com/vp/products/21061191?itemId=82283486&vendorItemId=3140076634&isAddedCart=,,,E44-1.jpg
E44-2,KFV450602와우 순면 울트라 슬림 중형 25cm 날개형 12개입,https://www.coupang.com/vp/products/1981072826?itemId=3370567435&vendorItemId=71474532349&isAddedCart=,,,E44-2.jpg
E44-3,동성제약 와우 울트라 슬림 날개형 중형 12개입 (순면커버),https://www.coupang.com/vp/products/31844996?itemId=119828776&vendorItemId=3242532724&isAddedCart=,,,E44-3.jpg
F45-1,라라문 생리대 데이 10p + 팬티라이너 5p + 오버 4p 종합세트,https://www.coupang.com/vp/products/1349704684?itemId=2377780855&vendorItemId=70373332863&q=%EB%9D%BC%EB%9D%BC%EB%AC%B8%EC%83%9D%EB%A6%AC%EB%8C%80(%EB%8D%B0%EC%9D%B4)&itemsCount=36&searchId=847bde808bf84d409b5432b622ccc3c6&rank=1&isAddedCart=,,,F45-1.jpg
F45-2,[라라문생리대] 팬티라이너 24p x 10팩,https://www.coupang.com/vp/products/1802465429?itemId=3066797246&vendorItemId=71054729223&q=%EB%9D%BC%EB%9D%BC%EB%AC%B8%EC%83%9D%EB%A6%AC%EB%8C%80(%EB%8D%B0%EC%9D%B4)&itemsCount=36&searchId=847bde808bf84d409b5432b622ccc3c6&rank=2&isAddedCart=,,,F45-2.jpg
F45-3,[라라문생리대] 데이 8p x 10팩 날개형 생리대,https://www.coupang.com/vp/products/1802113417?itemId=3066196415&vendorItemId=71054561841&q=%EB%9D%BC%EB%9D%BC%EB%AC%B8%EC%83%9D%EB%A6%AC%EB%8C%80(%EB%8D%B0%EC%9D%B4)&itemsCount=36&searchId=847bde808bf84d409b5432b622ccc3c6&rank=3&isAddedCart=,,,F45-3.jpg
G46-1,메이앤준 소프트맥스 중형36+36p 1팩 날개형 생리대,https://www.coupang.com/vp/products/1911298914?itemId=3245020870&vendorItemId=71232186331&q=%EB%A9%94%EC%9D%B4%EC%95%A4%EC%A4%80+%EC%8A%A4%ED%94%BC%EB%93%9C%EB%A7%A5%EC%8A%A4&itemsCount=29&searchId=d9cf75c4f8ee4d52863d3373d25cc0cf&rank=1&isAddedCart=,,,G46-1.jpg
G46-2,메이앤준 스피드맥스 대형 날개형 생리대,https://www.coupang.com/vp/products/123030442?itemId=331091836&vendorItemId=3812386752&q=%EB%A9%94%EC%9D%B4%EC%95%A4%EC%A4%80+%EC%8A%A4%ED%94%BC%EB%93%9C%EB%A7%A5%EC%8A%A4&itemsCount=29&searchId=d9cf75c4f8ee4d52863d3373d25cc0cf&rank=2&isAddedCart=,,,G46-2.jpg
G46-3,메이앤준 스피드맥스 중형 날개형 생리대,https://www.coupang.com/vp/products/123029850?itemId=331254779&vendorItemId=3813080469&q=%EB%A9%94%EC%9D%B4%EC%95%A4%EC%A4%80+%EC%8A%A4%ED%94%BC%EB%93%9C%EB%A7%A5%EC%8A%A4&itemsCount=29&searchId=d9cf75c4f8ee4d52863d3373d25cc0cf&rank=3&isAddedCart=,,,G46-3.jpg
G47-1,순수한면 유기농 순면커버 생리대 날개형 중형 16p x 3팩 + 대형 14p 세트,https://www.coupang.com/vp/products/1503548410?itemId=2581467052&vendorItemId=70573710248&isAddedCart=,,,G47-1.jpg
G47-2,깨끗한나라 순수한면 슈퍼가드 대형 생리대 날개형,https://www.coupang.com/vp/products/1274560816?itemId=2280278079&vendorItemId=70277409320&isAddedCart=,,,G47-2.jpg
G47-3,순수한면 유기농 순면커버 대형 생리대 날개형,https://www.coupang.com/vp/products/1491938742?itemId=2561109017&vendorItemId=70553585279&isAddedCart=,,,G47-3.jpg
G48-1,순수한면 제로 소형 생리대 날개형,https://www.coupang.com/vp/products/1414288924?itemId=2450844588&vendorItemId=70444496030&pickType=COU_PICK&q=%EC%88%9C%EC%88%98%ED%95%9C%EB%A9%B4%EC%9A%B8%ED%8A%B8%EB%9D%BC%EC%8A%88%ED%8D%BC%EA%B0%80%EB%93%9C%EC%86%8C%ED%98%95%EB%82%A0%EA%B0%9C%ED%98%95&itemsCount=36&searchId=e5eb3eda81c541018b96764cf054bd84&rank=1&isAddedCart=,,,G48-1.jpg
G48-3,순수한면 건강한 소형 생리대 날개형,https://www.coupang.com/vp/products/270188435?itemId=848392675&vendorItemId=5156932334&q=%EC%88%9C%EC%88%98%ED%95%9C%EB%A9%B4%EC%9A%B8%ED%8A%B8%EB%9D%BC%EC%8A%88%ED%8D%BC%EA%B0%80%EB%93%9C%EC%86%8C%ED%98%95%EB%82%A0%EA%B0%9C%ED%98%95&itemsCount=36&searchId=e5eb3eda81c541018b96764cf054bd84&rank=3&isAddedCart=,,,G48-3.jpg
G49-2,깨끗한나라 순수한면 슈퍼가드 중형 생리대 날개형,https://www.coupang.com/vp/products/1274560860?itemId=2280278101&vendorItemId=70277409476&q=%EC%88%9C%EC%88%98%ED%95%9C%EB%A9%B4%EC%9A%B8%ED%8A%B8%EB%9D%BC%EC%8A%88%ED%8D%BC%EA%B0%80%EB%93%9C%EC%A4%91%ED%98%95%EB%82%A0%EA%B0%9C%ED%98%95&itemsCount=36&searchId=1bac8447fb3a45d4b3cd6e2acbdb9922&rank=2&isAddedCart=,,,G49-2.jpg
G49-3,순수한면 제로 중형 생리대 날개형,https://www.coupang.com/vp/products/1414288933?itemId=2450844601&vendorItemId=70444496039&pickType=COU_PICK&q=%EC%88%9C%EC%88%98%ED%95%9C%EB%A9%B4%EC%9A%B8%ED%8A%B8%EB%9D%BC%EC%8A%88%ED%8D%BC%EA%B0%80%EB%93%9C%EC%A4%91%ED%98%95%EB%82%A0%EA%B0%9C%ED%98%95&itemsCount=36&searchId=1bac8447fb3a45d4b3cd6e2acbdb9922&rank=3&isAddedCart=,,,G49-3.jpg
G50-3,순수한면 제로 대형 생리대 날개형,https://www.coupang.com/vp/products/1414288944?itemId=2450844612&vendorItemId=70444496055&pickType=COU_PICK&q=%EC%88%9C%EC%88%98%ED%95%9C%EB%A9%B4%EC%A0%9C%EB%A1%9C%EC%9A%B8%ED%8A%B8%EB%9D%BC%EC%8A%AC%EB%A6%BC%EB%8C%80%ED%98%95%EB%82%A0%EA%B0%9C%ED%98%95&itemsCount=36&searchId=b50ef6162eb749abaec63d0aad08fd9c&rank=3&isAddedCart=,,,G50-3.jpg
G52-3,순수한면 유기농 순면커버 중형 생리대 날개형,https://www.coupang.com/vp/products/1491936514?itemId=2561105023&vendorItemId=70553586647&q=%EC%88%9C%EC%88%98%ED%95%9C%EB%A9%B4%EC%A0%9C%EB%A1%9C%EC%9A%B8%ED%8A%B8%EB%9D%BC%EC%8A%AC%EB%A6%BC%EC%A4%91%ED%98%95%EB%82%A0%EA%B0%9C%ED%98%95&itemsCount=36&searchId=6c9c01c91fae46b58a1fb3b21d816739&rank=3&isAddedCart=,,,G52-3.jpg
H53-1,오닉피노 유기농 순면커버 슈퍼롱 오버나이트 생리대 날개형,https://www.coupang.com/vp/products/1060338975?itemId=2004537495&vendorItemId=70004485648&q=%EB%82%B4%EC%B8%84%EB%9F%B4%EC%BD%94%ED%8A%BC%EC%8B%9C%EA%B7%B8%EB%8B%88%EC%B2%98%EC%8A%88%ED%8D%BC%EB%A1%B1%EC%98%A4%EB%B2%84%EB%82%98%EC%9D%B4%ED%8A%B8&itemsCount=36&searchId=5cbc2cdd1d6348129449d4f0dfdca7dd&rank=1&isAddedCart=,,,H53-1.jpg
H53-2,내츄럴코튼 리올가닉 유기농 순면커버 슈퍼롱 오버나이트 생리대 날개형,https://www.coupang.com/vp/products/331706039?itemId=1059891666&vendorItemId=5536778873&q=%EB%82%B4%EC%B8%84%EB%9F%B4%EC%BD%94%ED%8A%BC%EC%8B%9C%EA%B7%B8%EB%8B%88%EC%B2%98%EC%8A%88%ED%8D%BC%EB%A1%B1%EC%98%A4%EB%B2%84%EB%82%98%EC%9D%B4%ED%8A%B8&itemsCount=36&searchId=5cbc2cdd1d6348129449d4f0dfdca7dd&rank=2&isAddedCart=,,,H53-2.jpg
H53-3,오닉피노 유기농 순면커버 오버나이트 생리대 날개형,https://www.coupang.com/vp/products/1060339660?itemId=2004538188&vendorItemId=70004486308&q=%EB%82%B4%EC%B8%84%EB%9F%B4%EC%BD%94%ED%8A%BC%EC%8B%9C%EA%B7%B8%EB%8B%88%EC%B2%98%EC%8A%88%ED%8D%BC%EB%A1%B1%EC%98%A4%EB%B2%84%EB%82%98%EC%9D%B4%ED%8A%B8&itemsCount=36&searchId=5cbc2cdd1d6348129449d4f0dfdca7dd&rank=3&isAddedCart=,,,H53-3.jpg
H54-1,내츄럴코튼 시그니처 울트라슬림 대형 생리대 날개형,https://www.coupang.com/vp/products/126404958?itemId=529350386&vendorItemId=4377983352&pickType=COU_PICK&q=%EB%82%B4%EC%B8%84%EB%9F%B4%EC%BD%94%ED%8A%BC%EC%8B%9C%EA%B7%B8%EB%8B%88%EC%B2%98%EC%9A%B8%ED%8A%B8%EB%9D%BC%EC%8A%AC%EB%A6%BC%EB%8C%80%ED%98%95&itemsCount=12&searchId=51716e73a6964aa188969f2a5cfda5fe&rank=1&isAddedCart=,,,H54-1.jpg
H54-3,내츄럴코튼 월 패키지3 시그니처 울트라슬림 대형 1팩 + 중형 4팩 날개형 생리대,https://www.coupang.com/vp/products/126395272?itemId=373329780&vendorItemId=5458100704&q=%EB%82%B4%EC%B8%84%EB%9F%B4%EC%BD%94%ED%8A%BC%EC%8B%9C%EA%B7%B8%EB%8B%88%EC%B2%98%EC%9A%B8%ED%8A%B8%EB%9D%BC%EC%8A%AC%EB%A6%BC%EB%8C%80%ED%98%95&itemsCount=12&searchId=51716e73a6964aa188969f2a5cfda5fe&rank=3&isAddedCart=,,,H54-3.jpg
H55-1,내츄럴코튼 시그니처 울트라 슬림 중형 12개입 x 4팩 + 슈퍼롱 오버나이트 7개입 1팩,https://www.coupang.com/vp/products/126395259?itemId=373329744&vendorItemId=3904660040&pickType=COU_PICK&q=%EB%82%B4%EC%B8%84%EB%9F%B4%EC%BD%94%ED%8A%BC%EC%8B%9C%EA%B7%B8%EB%8B%88%EC%B2%98%EC%9A%B8%ED%8A%B8%EB%9D%BC%EC%8A%AC%EB%A6%BC%EC%A4%91%ED%98%95&itemsCount=7&searchId=04e0ecd2a71545fca6c60117d1d7cf28&rank=1&isAddedCart=,,,H55-1.jpg
H55-2,기타 내츄럴코튼 시그니처 생리대 울트라슬림 중형 1팩,https://www.coupang.com/vp/products/1339754404?itemId=2366524064&vendorItemId=70362754715&q=%EB%82%B4%EC%B8%84%EB%9F%B4%EC%BD%94%ED%8A%BC%EC%8B%9C%EA%B7%B8%EB%8B%88%EC%B2%98%EC%9A%B8%ED%8A%B8%EB%9D%BC%EC%8A%AC%EB%A6%BC%EC%A4%91%ED%98%95&itemsCount=7&searchId=04e0ecd2a71545fca6c60117d1d7cf28&rank=2&isAddedCart=,,,H55-2.jpg
H55-3,내츄럴코튼 시그니처 생리대 울트라슬림 중형 1팩,https://www.coupang.com/vp/products/139181086?itemId=406391474&vendorItemId=3992959558&q=%EB%82%B4%EC%B8%84%EB%9F%B4%EC%BD%94%ED%8A%BC%EC%8B%9C%EA%B7%B8%EB%8B%88%EC%B2%98%EC%9A%B8%ED%8A%B8%EB%9D%BC%EC%8A%AC%EB%A6%BC%EC%A4%91%ED%98%95&itemsCount=7&searchId=04e0ecd2a71545fca6c60117d1d7cf28&rank=3&isAddedCart=,,,H55-3.jpg
I56-1,블루블루 유기농 생리대 라이너5팩(사은품증정),https://www.coupang.com/vp/products/1772645329?itemId=3018313963&vendorItemId=70966232962&q=%ED%94%84%EB%A1%AC%EC%86%8C%EC%9D%B4%EB%8C%80%ED%98%95&itemsCount=36&searchId=606d7a5158fa40e68feeaf4025934e32&rank=1&isAddedCart=,,,I56-1.jpg
I56-2,블루블루 유기농 생리대 대형3팩 중형1팩 오버나이트1팩 (사은품증정),https://www.coupang.com/vp/products/1807198711?itemId=3074949743&vendorItemId=71062828929&q=%ED%94%84%EB%A1%AC%EC%86%8C%EC%9D%B4%EB%8C%80%ED%98%95&itemsCount=36&searchId=606d7a5158fa40e68feeaf4025934e32&rank=2&isAddedCart=,,,I56-2.jpg
I56-3,블루블루 유기농 생리대 중형3팩 대형2팩(사은품증정),https://www.coupang.com/vp/products/1772637937?itemId=3018303348&vendorItemId=70966575167&q=%ED%94%84%EB%A1%AC%EC%86%8C%EC%9D%B4%EB%8C%80%ED%98%95&itemsCount=36&searchId=606d7a5158fa40e68feeaf4025934e32&rank=3&isAddedCart=,,,I56-3.jpg
J57-1,청담소녀 센서티브 대형 생리대 날개형,https://www.coupang.com/vp/products/343359734?itemId=1091098998&vendorItemId=5604835978&pickType=COU_PICK&q=%EC%B2%AD%EB%8B%B4%EC%86%8C%EB%85%80&itemsCount=36&searchId=8b59df45ec0248bfbfd03c5378071249&rank=1&isAddedCart=,,,J57-1.jpg
J57-2,청담소녀 센서티브 중형 생리대 날개형 3p + 대형 생리대 날개형 세트,https://www.coupang.com/vp/products/343359731?itemId=1091098993&vendorItemId=5604835971&q=%EC%B2%AD%EB%8B%B4%EC%86%8C%EB%85%80&itemsCount=36&searchId=8b59df45ec0248bfbfd03c5378071249&rank=2&isAddedCart=,,,J57-2.jpg
J57-3,청담소녀 중형 생리대 날개형,https://www.coupang.com/vp/products/129173607?itemId=547298580&vendorItemId=4435943817&q=%EC%B2%AD%EB%8B%B4%EC%86%8C%EB%85%80&itemsCount=36&searchId=8b59df45ec0248bfbfd03c5378071249&rank=3&isAddedCart=,,,J57-3.jpg
J59-2,좋은느낌 유기농 순면커버 울트라 슬림 대형 생리대 날개형,https://www.coupang.com/vp/products/109351579?itemId=330919662&vendorItemId=5452610461&q=%EC%9A%B8%ED%8A%B8%EB%9D%BC+%EC%8A%AC%EB%A6%BC+%EB%8C%80%ED%98%95&itemsCount=36&searchId=b46ec0798fac461cb07d8df9c8343cb4&rank=2&isAddedCart=,,,J59-2.jpg
J61-1,루나미 순면 국내산 초슬림 생리대 대형 날개형,https://www.coupang.com/vp/products/188594453?itemId=538585751&vendorItemId=4407589851&q=%EC%88%9C%ED%95%9C+%EC%88%9C%EB%A9%B4+%EB%8C%80%ED%98%95&itemsCount=36&searchId=36f5d99143bd432e8ed9e6e7ea01ec94&rank=1&isAddedCart=,,,J61-1.jpg
J61-2,예지미인 윤슬 순한 순면 대형 생리대 날개형 14p x 5팩 + 숲속이야기 중형 2p,https://www.coupang.com/vp/products/197163102?itemId=568223465&vendorItemId=4491561717&pickType=COU_PICK&q=%EC%88%9C%ED%95%9C+%EC%88%9C%EB%A9%B4+%EB%8C%80%ED%98%95&itemsCount=36&searchId=36f5d99143bd432e8ed9e6e7ea01ec94&rank=2&isAddedCart=,,,J61-2.jpg
J61-3,루나미 더 순한 국내산 초슬림 생리대 대형 날개형,https://www.coupang.com/vp/products/188594456?itemId=538585773&vendorItemId=4407589886&q=%EC%88%9C%ED%95%9C+%EC%88%9C%EB%A9%B4+%EB%8C%80%ED%98%95&itemsCount=36&searchId=36f5d99143bd432e8ed9e6e7ea01ec94&rank=3&isAddedCart=,,,J61-3.jpg
J62-1,루나미 소프트 국내산 날개형 생리대 중형 18p x 3팩 + 대형 16p,https://www.coupang.com/vp/products/186386758?itemId=532893775&vendorItemId=4388691145&q=%EB%A3%A8%EB%82%98%EB%AF%B8+%EC%88%9C%EB%A9%B4&itemsCount=6&searchId=cfdd33b219304b3d9c1296672cc5fa81&rank=1&isAddedCart=,,,J62-1.jpg
J62-2,루나미 더 순한 국내산 초슬림 생리대 중형 날개형,https://www.coupang.com/vp/products/186451781?itemId=533094187&vendorItemId=4389064856&q=%EB%A3%A8%EB%82%98%EB%AF%B8+%EC%88%9C%EB%A9%B4&itemsCount=6&searchId=cfdd33b219304b3d9c1296672cc5fa81&rank=2&isAddedCart=,,,J62-2.jpg
J63-1,루나미 소프트 국내산 생리대 대형 날개형,https://www.coupang.com/vp/products/186386684?itemId=532893567&vendorItemId=4388690622&pickType=COU_PICK&q=%EB%A3%A8%EB%82%98%EB%AF%B8%EC%86%8C%ED%94%84%ED%8A%B8%EB%8C%80%ED%98%95&itemsCount=5&searchId=8a2dfa3385b44362965f81bc11503faf&rank=1&isAddedCart=,,,J63-1.jpg
J64-1,루나미 소프트 국내산 오버나이트 날개형,https://www.coupang.com/vp/products/303574930?itemId=954937993&vendorItemId=5351802654&q=%EB%A3%A8%EB%82%98%EB%AF%B8%EC%86%8C%ED%94%84%ED%8A%B8%EC%98%A4%EB%B2%84%EB%82%98%EC%9D%B4%ED%8A%B8&itemsCount=2&searchId=a6811e17b7fd4cf48be5978ab4daab6b&rank=1&isAddedCart=,,,J64-1.jpg
J65-1,루나미 소프트 국내산 중형 생리대 날개형,https://www.coupang.com/vp/products/186386587?itemId=532893360&vendorItemId=4388689985&pickType=COU_PICK&q=%EB%A3%A8%EB%82%98%EB%AF%B8%EC%86%8C%ED%94%84%ED%8A%B8%EC%A4%91%ED%98%95&itemsCount=5&searchId=ce06dc4791c5421195b6095ca64317fa&rank=1&isAddedCart=,,,J65-1.jpg
J67-1,좋은느낌 유기농 순면커버 울트라슬림 중형 생리대 날개형,https://www.coupang.com/vp/products/26978230?itemId=321966839&vendorItemId=5452558444&isAddedCart=,,,J67-1.jpg
J67-2,화이트 시크릿홀 중형 생리대 울트라 슬림 날개형,https://www.coupang.com/vp/products/442685?itemId=1218476&vendorItemId=5468711720&isAddedCart=,,,J67-2.jpg
J67-3,좋은느낌 매직쿠션 울트라슬림 중형 생리대 날개형 18p x 2팩 + 수퍼롱 오버나이트 10p,https://www.coupang.com/vp/products/177573335?itemId=507947856&vendorItemId=4302495982&isAddedCart=,,,J67-3.jpg
K68-1,뷰코셋 바이오 롱 윙 중대형 생리대 10p x 2팩+ 노말 윙 소형 생리대 12p,https://www.coupang.com/vp/products/1406150064?itemId=2441654830&vendorItemId=70435424951&q=%EB%B7%B0%EC%BD%94%EC%85%8B%EB%B0%94%EC%9D%B4%EC%98%A4%EB%85%B8%EB%A7%90%EC%9C%99%EC%83%9D%EB%A6%AC%EB%8C%80&itemsCount=27&searchId=8223bec5103445b6a588c8638647dc65&rank=1&isAddedCart=,,,K68-1.jpg
K68-2,뷰코셋 바이오 노말 윙 소형 생리대 날개형,https://www.coupang.com/vp/products/53030346?itemId=186609669&vendorItemId=5452967155&q=%EB%B7%B0%EC%BD%94%EC%85%8B%EB%B0%94%EC%9D%B4%EC%98%A4%EB%85%B8%EB%A7%90%EC%9C%99%EC%83%9D%EB%A6%AC%EB%8C%80&itemsCount=27&searchId=8223bec5103445b6a588c8638647dc65&rank=2&isAddedCart=,,,K68-2.jpg
K68-3,뷰코셋 바이오 롱 윙 중대형 생리대,https://www.coupang.com/vp/products/339884556?itemId=2441655071&vendorItemId=70435425132&q=%EB%B7%B0%EC%BD%94%EC%85%8B%EB%B0%94%EC%9D%B4%EC%98%A4%EB%85%B8%EB%A7%90%EC%9C%99%EC%83%9D%EB%A6%AC%EB%8C%80&itemsCount=27&searchId=8223bec5103445b6a588c8638647dc65&rank=3&isAddedCart=,,,K68-3.jpg
K69-3,뷰코셋 바이오 노말 윙 소형 생리대,https://www.coupang.com/vp/products/339884110?itemId=2441654721&vendorItemId=70435424831&q=%EB%B7%B0%EC%BD%94%EC%85%8B%EB%B0%94%EC%9D%B4%EC%98%A4%EB%A1%B1%EC%9C%99%EC%83%9D%EB%A6%AC%EB%8C%80&itemsCount=17&searchId=c26c72beff9343688855f6644b5fd9e8&rank=3&isAddedCart=,,,K69-3.jpg
L70-1,블루블루 울트라 슬림 대형 생리대 날개형 10개입 3p + 중형 2개입,https://www.coupang.com/vp/products/1657322976?itemId=2823759161&vendorItemId=5462119635&q=%EB%B8%94%EB%A3%A8%EB%B8%94%EB%A3%A8%EC%9A%B8%ED%8A%B8%EB%9D%BC%EC%8A%AC%EB%A6%BC%EC%A4%91%ED%98%95%EB%82%A0%EA%B0%9C%ED%98%95&itemsCount=36&searchId=ab1eb480718641f786995140417de657&rank=1&isAddedCart=,,,L70-1.jpg
L70-2,블루블루 울트라 슬림 중형 생리대 날개형,https://www.coupang.com/vp/products/1478930248?itemId=2540763784&vendorItemId=70533382853&q=%EB%B8%94%EB%A3%A8%EB%B8%94%EB%A3%A8%EC%9A%B8%ED%8A%B8%EB%9D%BC%EC%8A%AC%EB%A6%BC%EC%A4%91%ED%98%95%EB%82%A0%EA%B0%9C%ED%98%95&itemsCount=36&searchId=ab1eb480718641f786995140417de657&rank=2&isAddedCart=,,,L70-2.jpg
L70-3,블루블루 유기농 생리대 오버나이트5팩(사은품증정),https://www.coupang.com/vp/products/1772643050?itemId=3018310640&vendorItemId=70966369638&q=%EB%B8%94%EB%A3%A8%EB%B8%94%EB%A3%A8%EC%9A%B8%ED%8A%B8%EB%9D%BC%EC%8A%AC%EB%A6%BC%EC%A4%91%ED%98%95%EB%82%A0%EA%B0%9C%ED%98%95&itemsCount=36&searchId=ab1eb480718641f786995140417de657&rank=3&isAddedCart=,,,L70-3.jpg
M71-1,마로메라 중형 생리대 날개형 5팩,https://www.coupang.com/vp/products/1389455047?itemId=2425026682&vendorItemId=70419078677&q=%EB%A7%88%EB%A1%9C%EB%A9%94%EB%9D%BC%EB%82%A0%EA%B0%9C%ED%98%95%EB%8C%80%ED%98%95&itemsCount=36&searchId=e2da0430173c44e194405dd26f2a47ed&rank=1&isAddedCart=,,,M71-1.jpg
M71-2,마로메라 날개형 생리대 중형 16p x 3팩 + 대형 14p x 2팩 + 오버나이트 롱 10p,https://www.coupang.com/vp/products/111573164?itemId=336025357&vendorItemId=4871483413&q=%EB%A7%88%EB%A1%9C%EB%A9%94%EB%9D%BC%EB%82%A0%EA%B0%9C%ED%98%95%EB%8C%80%ED%98%95&itemsCount=36&searchId=e2da0430173c44e194405dd26f2a47ed&rank=2&isAddedCart=,,,M71-2.jpg
M71-3,마로메라 오버나이트 슈퍼롱 생리대 날개형 5팩,https://www.coupang.com/vp/products/1486002038?itemId=2551930579&vendorItemId=70419156395&q=%EB%A7%88%EB%A1%9C%EB%A9%94%EB%9D%BC%EB%82%A0%EA%B0%9C%ED%98%95%EB%8C%80%ED%98%95&itemsCount=36&searchId=e2da0430173c44e194405dd26f2a47ed&rank=3&isAddedCart=,,,M71-3.jpg
M72-3,마로메라 대형 생리대 날개형 5팩,https://www.coupang.com/vp/products/198680281?itemId=574220285&vendorItemId=70419090605&q=%EB%A7%88%EB%A1%9C%EB%A9%94%EB%9D%BC%EB%82%A0%EA%B0%9C%ED%98%95%EC%86%8C%ED%98%95&itemsCount=36&searchId=402711a9b29248b8bed2145945073f47&rank=3&isAddedCart=,,,M72-3.jpg
M73-2,마로메라 중형 생리대 날개형 4p + 오버나이트 롱,https://www.coupang.com/vp/products/112878023?itemId=339323132&vendorItemId=3832957267&q=%EB%A7%88%EB%A1%9C%EB%A9%94%EB%9D%BC%EB%82%A0%EA%B0%9C%ED%98%95%EC%A4%91%ED%98%95&itemsCount=36&searchId=57874076e5f1430eb48f310499713679&rank=2&isAddedCart=,,,M73-2.jpg
M74-1,[딜]믿고쓰는 마로메라 생리대 특가 모음전,https://www.coupang.com/vp/products/226896360?itemId=718989188&vendorItemId=71514194138&q=%EB%A7%88%EB%A1%9C%EB%A9%94%EB%9D%BC%EB%9D%BC%EC%9D%B4%EB%84%88%EC%97%90%EC%9D%B4&itemsCount=6&searchId=1bdc2995527043d4bea94ee3c77d855b&rank=1&isAddedCart=,,,M74-1.jpg
M74-2,마로메라 생리대 날개형 중형 2팩 + 대형1팩 + 오버나이트 롱 1팩+ 라이너 에이 2팩,https://www.coupang.com/vp/products/112878028?itemId=339323145&vendorItemId=5495794542&q=%EB%A7%88%EB%A1%9C%EB%A9%94%EB%9D%BC%EB%9D%BC%EC%9D%B4%EB%84%88%EC%97%90%EC%9D%B4&itemsCount=6&searchId=1bdc2995527043d4bea94ee3c77d855b&rank=2&isAddedCart=,,,M74-2.jpg
M74-3,마로메라 생리대 날개형 중형 3p + 대형 + 라이너 에이,https://www.coupang.com/vp/products/112878030?itemId=339323146&vendorItemId=3832957279&q=%EB%A7%88%EB%A1%9C%EB%A9%94%EB%9D%BC%EB%9D%BC%EC%9D%B4%EB%84%88%EC%97%90%EC%9D%B4&itemsCount=6&searchId=1bdc2995527043d4bea94ee3c77d855b&rank=3&isAddedCart=,,,M74-3.jpg
N75-1,라엘 유기농 순면커버 대형 생리대 날개형,https://www.coupang.com/vp/products/199939591?itemId=1079129302&vendorItemId=5578581006&q=%EB%9D%BC%EC%97%98%EB%8C%80%ED%98%95&itemsCount=36&searchId=3d7bcf8f9ced4484a4e51e8f84d6e567&rank=1&isAddedCart=,,,N75-1.jpg
N75-2,라엘 유기농 순면커버 생리대 날개형 중형 14p x 3팩 + 대형 12p,https://www.coupang.com/vp/products/338654949?itemId=1079129259&vendorItemId=5578580863&q=%EB%9D%BC%EC%97%98%EB%8C%80%ED%98%95&itemsCount=36&searchId=3d7bcf8f9ced4484a4e51e8f84d6e567&rank=2&isAddedCart=,,,N75-2.jpg
N75-3,라엘 유기농 순면커버 생리대 날개형 중형 14p + 대형 12p x 3팩,https://www.coupang.com/vp/products/338654978?itemId=1079129361&vendorItemId=5578581178&q=%EB%9D%BC%EC%97%98%EB%8C%80%ED%98%95&itemsCount=36&searchId=3d7bcf8f9ced4484a4e51e8f84d6e567&rank=3&isAddedCart=,,,N75-3.jpg
N76-1,라엘 유기농 순면커버 소형 생리대 날개형,https://www.coupang.com/vp/products/199939581?itemId=580187986&vendorItemId=4519661810&q=%EB%9D%BC%EC%97%98%EC%86%8C%ED%98%95&itemsCount=36&searchId=7383827f7dad4be5803507e3f5e05470&rank=1&isAddedCart=,,,N76-1.jpg
N76-2,라엘 디즈니 투지퍼 필통 파우치,https://www.coupang.com/vp/products/1335576103?itemId=2361338731&vendorItemId=70357705077&q=%EB%9D%BC%EC%97%98%EC%86%8C%ED%98%95&itemsCount=36&searchId=7383827f7dad4be5803507e3f5e05470&rank=2&isAddedCart=,,,N76-2.jpg
N78-1,오닉피노 유기농 순면커버 중형 생리대 날개형,https://www.coupang.com/vp/products/1060339055?itemId=2004537606&vendorItemId=70004485708&q=%EC%98%A4%EB%8B%89%ED%94%BC%EB%85%B8%EC%A4%91%ED%98%95&itemsCount=36&searchId=18564caf738e4d308c1c9ba0ca513a4c&rank=1&isAddedCart=,,,N78-1.jpg
N78-2,오닉피노 소프트 순면감촉 중형 생리대 날개형,https://www.coupang.com/vp/products/1520351756?itemId=2608597900&vendorItemId=70599699391&q=%EC%98%A4%EB%8B%89%ED%94%BC%EB%85%B8%EC%A4%91%ED%98%95&itemsCount=36&searchId=18564caf738e4d308c1c9ba0ca513a4c&rank=2&isAddedCart=,,,N78-2.jpg
N78-3,오닉피노 날개형 생리대 중형 18p x 2팩 + 오버나이트 10p + 팬티라이너 84p,https://www.coupang.com/vp/products/225428557?itemId=712559955&vendorItemId=4807731345&q=%EC%98%A4%EB%8B%89%ED%94%BC%EB%85%B8%EC%A4%91%ED%98%95&itemsCount=36&searchId=18564caf738e4d308c1c9ba0ca513a4c&rank=3&isAddedCart=,,,N78-3.jpg
N79-1,잇츠미 유기농 안전한 생리대 2x2 골라담기,https://www.coupang.com/vp/products/194621036?itemId=558422229&vendorItemId=4466815562&q=%EC%9E%87%EC%B8%A0%EB%AF%B8%EC%8A%AC%EB%A6%BC%EB%8C%80%ED%98%95&itemsCount=36&searchId=3ecba58e31a64ac8b6bbbe9712d63a62&rank=1&isAddedCart=,,,N79-1.jpg
N79-2,잇츠미 유기농 100% 순면커버 대형 12P 날개형 생리대,https://www.coupang.com/vp/products/287387559?itemId=910776661&vendorItemId=70445445257&q=%EC%9E%87%EC%B8%A0%EB%AF%B8%EC%8A%AC%EB%A6%BC%EB%8C%80%ED%98%95&itemsCount=36&searchId=3ecba58e31a64ac8b6bbbe9712d63a62&rank=2&isAddedCart=,,,N79-2.jpg
N79-3,잇츠미 유기농 순면 슈퍼롱 생리대 날개형,https://www.coupang.com/vp/products/197162889?itemId=568222866&vendorItemId=4491557435&pickType=COU_PICK&q=%EC%9E%87%EC%B8%A0%EB%AF%B8%EC%8A%AC%EB%A6%BC%EB%8C%80%ED%98%95&itemsCount=36&searchId=3ecba58e31a64ac8b6bbbe9712d63a62&rank=3&isAddedCart=,,,N79-3.jpg
N81-1,잇츠미 유기농 100% 순면커버 수퍼롱 6P 날개형 생리대,https://www.coupang.com/vp/products/47885722?itemId=910771402&vendorItemId=71525014901&q=%EC%9E%87%EC%B8%A0%EB%AF%B8%EC%8A%AC%EB%A6%BC%EC%8A%88%ED%8D%BC%EB%A1%B1&itemsCount=36&searchId=0363e7a9e8dc4a3e8d676998abf8e580&rank=1&isAddedCart=,,,N81-1.jpg
N81-2,잇츠미 퓨어앤핏 면생리대 중형,https://www.coupang.com/vp/products/1477051450?itemId=2538071375&vendorItemId=70530901750&q=%EC%9E%87%EC%B8%A0%EB%AF%B8%EC%8A%AC%EB%A6%BC%EC%8A%88%ED%8D%BC%EB%A1%B1&itemsCount=36&searchId=0363e7a9e8dc4a3e8d676998abf8e580&rank=2&isAddedCart=,,,N81-2.jpg
N81-3,잇츠미 에코플러스 오가닉 순면커버 면생리대 슈퍼롱,https://www.coupang.com/vp/products/1477051036?itemId=2538070745&vendorItemId=70530901043&q=%EC%9E%87%EC%B8%A0%EB%AF%B8%EC%8A%AC%EB%A6%BC%EC%8A%88%ED%8D%BC%EB%A1%B1&itemsCount=36&searchId=0363e7a9e8dc4a3e8d676998abf8e580&rank=3&isAddedCart=,,,N81-3.jpg
N82-2,잇츠미 유기농 100% 순면커버 중형 14P 날개형 생리대,https://www.coupang.com/vp/products/1496753322?itemId=2570426236&vendorItemId=5277931559&q=%EC%9E%87%EC%B8%A0%EB%AF%B8%EC%8A%AC%EB%A6%BC%EC%A4%91%ED%98%95&itemsCount=36&searchId=4a3175a55f8844379b3932db8d562c30&rank=2&isAddedCart=,,,N82-2.jpg
N82-3,NEW 잇츠미 순면커버 생리대 중형 14Px4팩,https://www.coupang.com/vp/products/1549986624?itemId=2652470313&vendorItemId=70643234458&q=%EC%9E%87%EC%B8%A0%EB%AF%B8%EC%8A%AC%EB%A6%BC%EC%A4%91%ED%98%95&itemsCount=36&searchId=4a3175a55f8844379b3932db8d562c30&rank=3&isAddedCart=,,,N82-3.jpg
P100-1,예지미인 데일리코튼 대형 생리대 날개형,https://www.coupang.com/vp/products/1819305298?itemId=1096192554&vendorItemId=5616929430&q=%EC%98%88%EC%A7%80%EB%AF%B8%EC%9D%B8+%EC%88%9C%ED%95%9C+%EB%8C%80%ED%98%95&itemsCount=36&searchId=f6ad8c91a11f4a3faa8748d87d4d9763&rank=1&isAddedCart=,,,P100-1.jpg
P100-2,예지미인 숲속이야기 비오셀 중형 생리대 날개형,https://www.coupang.com/vp/products/274186904?itemId=865067492&vendorItemId=5192017567&q=%EC%98%88%EC%A7%80%EB%AF%B8%EC%9D%B8+%EC%88%9C%ED%95%9C+%EB%8C%80%ED%98%95&itemsCount=36&searchId=f6ad8c91a11f4a3faa8748d87d4d9763&rank=2&isAddedCart=,,,P100-2.jpg
P101-1,예지미인 뉴 순슬림 대형 생리대 날개형,https://www.coupang.com/vp/products/340104748?itemId=1082993924&vendorItemId=5586732664&q=%EC%98%88%EC%A7%80%EB%AF%B8%EC%9D%B8%EC%9C%A4%EC%8A%AC%EC%88%9C%ED%95%9C%EC%86%8C%ED%98%95&itemsCount=9&searchId=e268ad64cf3140a1a015c968e191408d&rank=1&isAddedCart=,,,P101-1.jpg
P101-2,예지미인 뉴 순슬림 소형 생리대 날개형 18p x 5팩 + 숲속이야기 중형 2p,https://www.coupang.com/vp/products/197641906?itemId=569952993&vendorItemId=4496786302&pickType=COU_PICK&q=%EC%98%88%EC%A7%80%EB%AF%B8%EC%9D%B8%EC%9C%A4%EC%8A%AC%EC%88%9C%ED%95%9C%EC%86%8C%ED%98%95&itemsCount=9&searchId=e268ad64cf3140a1a015c968e191408d&rank=2&isAddedCart=,,,P101-2.jpg
P101-3,싸다팡 예지미인 순한 울트라 슬림 날개 중형 16개입 X 40 날개형생리대,https://www.coupang.com/vp/products/1271943693?itemId=2276779268&vendorItemId=70905590391&q=%EC%98%88%EC%A7%80%EB%AF%B8%EC%9D%B8%EC%9C%A4%EC%8A%AC%EC%88%9C%ED%95%9C%EC%86%8C%ED%98%95&itemsCount=9&searchId=e268ad64cf3140a1a015c968e191408d&rank=3&isAddedCart=,,,P101-3.jpg
P103-1,예지미인 윤슬 진한순면 대형 생리대 날개형 14p x 5팩 + 숲속이야기 중형 2p,https://www.coupang.com/vp/products/197641904?itemId=569952992&vendorItemId=4496786304&q=%EC%98%88%EC%A7%80%EB%AF%B8%EC%9D%B8%EC%9C%A4%EC%8A%AC%EC%A7%84%ED%95%9C%EC%A4%91%ED%98%95&itemsCount=7&searchId=8a82025b8f114e42a4e993b6ae957b8e&rank=1&isAddedCart=,,,P103-1.jpg
P103-2,예지미인 윤슬 한방 팬티라이너 롱 40p x3팩 외 모음전 +샘플4p,https://www.coupang.com/vp/products/1762130721?itemId=3001211872&vendorItemId=70989459982&q=%EC%98%88%EC%A7%80%EB%AF%B8%EC%9D%B8%EC%9C%A4%EC%8A%AC%EC%A7%84%ED%95%9C%EC%A4%91%ED%98%95&itemsCount=7&searchId=8a82025b8f114e42a4e993b6ae957b8e&rank=2&isAddedCart=,,,P103-2.jpg
P103-3,윤슬 한방 팬티라이너 롱 40p x3팩 외 모음전,https://www.coupang.com/vp/products/270933369?itemId=851274183&vendorItemId=5162532515&q=%EC%98%88%EC%A7%80%EB%AF%B8%EC%9D%B8%EC%9C%A4%EC%8A%AC%EC%A7%84%ED%95%9C%EC%A4%91%ED%98%95&itemsCount=7&searchId=8a82025b8f114e42a4e993b6ae957b8e&rank=3&isAddedCart=,,,P103-3.jpg
P85-1,예지미인 바바파파 그날엔순면 대형 생리대 날개형,https://www.coupang.com/vp/products/68516571?itemId=228676043&vendorItemId=3558676287&pickType=COU_PICK&q=%EA%B7%B8%EB%82%A0%EC%97%94%EC%88%9C%EB%A9%B4%EB%8C%80%ED%98%95&itemsCount=36&searchId=f329846220d34189bf9822e1c457725c&rank=1&isAddedCart=,,,P85-1.jpg
P85-2,예지미인 그날엔순면 바바파파 중형 생리대 날개형,https://www.coupang.com/vp/products/68516572?itemId=1082998350&vendorItemId=5586740151&q=%EA%B7%B8%EB%82%A0%EC%97%94%EC%88%9C%EB%A9%B4%EB%8C%80%ED%98%95&itemsCount=36&searchId=f329846220d34189bf9822e1c457725c&rank=2&isAddedCart=,,,P85-2.jpg
P85-3,예지미인 그날엔순면 바바파파 대형 생리대 날개형,https://www.coupang.com/vp/products/68516571?itemId=631863758&vendorItemId=4654033470&q=%EA%B7%B8%EB%82%A0%EC%97%94%EC%88%9C%EB%A9%B4%EB%8C%80%ED%98%95&itemsCount=36&searchId=f329846220d34189bf9822e1c457725c&rank=3&isAddedCart=,,,P85-3.jpg
P86-1,예지미인 바바파파 그날엔순면 중형 생리대 날개형,https://www.coupang.com/vp/products/68516572?itemId=228676044&vendorItemId=3558676288&pickType=COU_PICK&q=%EA%B7%B8%EB%82%A0%EC%97%94%EC%88%9C%EB%A9%B4%EC%A4%91%ED%98%95&itemsCount=36&searchId=d0a20ac8180e470eb10dea431bfaa641&rank=1&isAddedCart=,,,P86-1.jpg
P86-2,예지미인 그날엔순면 중형 생리대 날개형,https://www.coupang.com/vp/products/229411000?itemId=727427457&vendorItemId=4839742362&q=%EA%B7%B8%EB%82%A0%EC%97%94%EC%88%9C%EB%A9%B4%EC%A4%91%ED%98%95&itemsCount=36&searchId=d0a20ac8180e470eb10dea431bfaa641&rank=2&isAddedCart=,,,P86-2.jpg
P86-3,예지미인 그날엔 유기농 중형 생리대 날개형,https://www.coupang.com/vp/products/148086592?itemId=428231365&vendorItemId=4055844019&q=%EA%B7%B8%EB%82%A0%EC%97%94%EC%88%9C%EB%A9%B4%EC%A4%91%ED%98%95&itemsCount=36&searchId=d0a20ac8180e470eb10dea431bfaa641&rank=3&isAddedCart=,,,P86-3.jpg
P87-2,예지미인 그날엔 순면 바바파파 슈퍼롱 오버나이트 날개형,https://www.coupang.com/vp/products/272440081?itemId=2178571158&vendorItemId=70176637664&q=%EA%B7%B8%EB%82%A0%EC%97%94%EC%88%9C%EB%A9%B4+%EC%A4%91%ED%98%95&itemsCount=36&searchId=3bbedf27cfaf4f12a004f3071f5b2d19&rank=2&isAddedCart=,,,P87-2.jpg
P88-2,예지미인 순 슬림 수퍼롱오버나이트 10매x6팩 생리대,https://www.coupang.com/vp/products/179889311?itemId=672232159&vendorItemId=71077804632&q=%EB%89%B4%EC%98%88%EC%A7%80%EB%AF%B8%EC%9D%B8%EC%88%9C%EC%8A%AC%EB%A6%BC%EB%8C%80%ED%98%95&itemsCount=36&searchId=72fef4259c524ab2bb803df085e6a3ac&rank=2&isAddedCart=,,,P88-2.jpg
P88-3,NEW순슬림 대형 14p+14p 기획팩 x4팩,https://www.coupang.com/vp/products/210211549?itemId=626072933&vendorItemId=4644108408&q=%EB%89%B4%EC%98%88%EC%A7%80%EB%AF%B8%EC%9D%B8%EC%88%9C%EC%8A%AC%EB%A6%BC%EB%8C%80%ED%98%95&itemsCount=36&searchId=72fef4259c524ab2bb803df085e6a3ac&rank=3&isAddedCart=,,,P88-3.jpg
P90-3,예지미인 숲속이야기 비오셀 생리대 날개형 중형 16p x 5팩 + 순슬림 중형 2p,https://www.coupang.com/vp/products/194153780?itemId=556557510&vendorItemId=4462229456&q=%EB%89%B4%EC%98%88%EC%A7%80%EB%AF%B8%EC%9D%B8%EC%88%9C%EC%8A%AC%EB%A6%BC%EC%A4%91%ED%98%95&itemsCount=36&searchId=25f4886b60174071ad17c17b31157cef&rank=3&isAddedCart=,,,P90-3.jpg
P91-1,맥심 유기농 코튼커버 중형 10Px4입,https://www.coupang.com/vp/products/196403663?itemId=565723740&vendorItemId=70126763869&q=%EB%A7%A5%EC%8B%AC%ED%95%98%EC%9D%B4%EC%A7%84%EC%83%9D%EB%A6%AC%EB%8C%80%ED%93%A8%EC%96%B4%EC%BD%94%ED%8A%BC%EC%BB%A4%EB%B2%84%EC%9C%99%EC%A6%88%EB%A0%88%EA%B7%A4%EB%9F%AC(%EC%A4%91%ED%98%95)&itemsCount=3&searchId=5e23c348c9734299bfe73bd90544e88f&rank=1&isAddedCart=,,,P91-1.jpg
P91-2,맥심 하이진 퓨어 코튼 커버 윙즈 레귤러 중형 생리대 날개형,https://www.coupang.com/vp/products/168471645?itemId=482228692&vendorItemId=4212851124&q=%EB%A7%A5%EC%8B%AC%ED%95%98%EC%9D%B4%EC%A7%84%EC%83%9D%EB%A6%AC%EB%8C%80%ED%93%A8%EC%96%B4%EC%BD%94%ED%8A%BC%EC%BB%A4%EB%B2%84%EC%9C%99%EC%A6%88%EB%A0%88%EA%B7%A4%EB%9F%AC(%EC%A4%91%ED%98%95)&itemsCount=3&searchId=5e23c348c9734299bfe73bd90544e88f&rank=2&isAddedCart=,,,P91-2.jpg
P94-2,예지미인 숲속이야기 비오셀 생리대 날개형 중형 16p x 3팩 + 대형 14p,https://www.coupang.com/vp/products/194153787?itemId=556557545&vendorItemId=4462229524&q=%EC%88%B2%EC%86%8D%EC%9D%B4%EC%95%BC%EA%B8%B0%EB%8C%80%ED%98%95&itemsCount=36&searchId=71c717afad7741aab869e6dffa0d6b02&rank=2&isAddedCart=,,,P94-2.jpg
P94-3,예지미인 숲속이야기 비오셀 대형 생리대 날개형 14p x 5팩 + 중형 2p,https://www.coupang.com/vp/products/197641895?itemId=569952972&vendorItemId=4496786158&q=%EC%88%B2%EC%86%8D%EC%9D%B4%EC%95%BC%EA%B8%B0%EB%8C%80%ED%98%95&itemsCount=36&searchId=71c717afad7741aab869e6dffa0d6b02&rank=3&isAddedCart=,,,P94-3.jpg
P95-1,좋은느낌 에어핏쿠션 맥시슬림 대형 12개입(날개형) 날개형 생리대,https://www.coupang.com/vp/products/291809862?itemId=922942392&vendorItemId=71200086631&q=%EC%88%B2%EC%86%8D%EC%9D%B4%EC%95%BC%EA%B8%B0%EC%98%A4%EB%B2%84%EB%82%98%EC%9D%B4%ED%8A%B8&itemsCount=36&searchId=79bbb7fdba8948b68fed6c23f02523b0&rank=1&isAddedCart=,,,P95-1.jpg
P95-2,라라문 오버나이트(대형) 8개입 날개형 생리대,https://www.coupang.com/vp/products/319770316?itemId=1022918780&vendorItemId=70305684757&q=%EC%88%B2%EC%86%8D%EC%9D%B4%EC%95%BC%EA%B8%B0%EC%98%A4%EB%B2%84%EB%82%98%EC%9D%B4%ED%8A%B8&itemsCount=36&searchId=79bbb7fdba8948b68fed6c23f02523b0&rank=2&isAddedCart=,,,P95-2.jpg
P95-3,예지미인 숲속이야기 비오셀 팬티라이너 롱 20p x6팩,https://www.coupang.com/vp/products/1343652522?itemId=2371159975&vendorItemId=70073767602&q=%EC%88%B2%EC%86%8D%EC%9D%B4%EC%95%BC%EA%B8%B0%EC%98%A4%EB%B2%84%EB%82%98%EC%9D%B4%ED%8A%B8&itemsCount=36&searchId=79bbb7fdba8948b68fed6c23f02523b0&rank=3&isAddedCart=,,,P95-3.jpg
P96-3,예지미인 윤슬 순한 순면감촉 중형 생리대 날개형 16p x 5팩 + 숲속이야기 중형 2p,https://www.coupang.com/vp/products/197641911?itemId=569953007&vendorItemId=4496786441&q=%EC%88%B2%EC%86%8D%EC%9D%B4%EC%95%BC%EA%B8%B0%EC%A4%91%ED%98%95&itemsCount=36&searchId=6b0968837ba042d3b90b9f99e1f2739b&rank=3&isAddedCart=,,,P96-3.jpg
P97-1,예지미인 데일리코튼 대형 생리대 날개형 14p x 2개 + 중형 생리대 날개형 16p x 3개 세트,https://www.coupang.com/vp/products/345145950?itemId=1096192524&vendorItemId=5616929385&q=%EC%98%88%EC%A7%80%EB%AF%B8%EC%9D%B8%EB%8D%B0%EC%9D%BC%EB%A6%AC%EC%BD%94%ED%8A%BC%EB%8C%80%ED%98%95&itemsCount=6&searchId=61420c612a3c431ab3d0f8c8b0747370&rank=1&isAddedCart=,,,P97-1.jpg
P97-2,예지미인 한울순면 대형 생리대 날개형,https://www.coupang.com/vp/products/1716835052?itemId=2178571169&vendorItemId=70176637675&pickType=COU_PICK&q=%EC%98%88%EC%A7%80%EB%AF%B8%EC%9D%B8%EB%8D%B0%EC%9D%BC%EB%A6%AC%EC%BD%94%ED%8A%BC%EB%8C%80%ED%98%95&itemsCount=6&searchId=61420c612a3c431ab3d0f8c8b0747370&rank=2&isAddedCart=,,,P97-2.jpg
P97-3,예지미인 데일리코튼 중형 생리대 날개형,https://www.coupang.com/vp/products/1819305354?itemId=3096097267&vendorItemId=71083907279&q=%EC%98%88%EC%A7%80%EB%AF%B8%EC%9D%B8%EB%8D%B0%EC%9D%BC%EB%A6%AC%EC%BD%94%ED%8A%BC%EB%8C%80%ED%98%95&itemsCount=6&searchId=61420c612a3c431ab3d0f8c8b0747370&rank=3&isAddedCart=,,,P97-3.jpg
P99-1,예지미인 순 슈퍼롱 오버나이트 생리대 날개형,https://www.coupang.com/vp/products/210774637?itemId=628725865&vendorItemId=3981664156&q=%EC%98%88%EC%A7%80%EB%AF%B8%EC%9D%B8%EC%88%9C%EC%8A%88%ED%8D%BC%EB%A1%B1%EC%98%A4%EB%B2%84%EB%82%98%EC%9D%B4%ED%8A%B8&itemsCount=36&searchId=0474ba39460a43698a479983b7773fb7&rank=1&isAddedCart=,,,P99-1.jpg
P99-2,321 슈테스티 / 예지미인 순슬림 슈퍼롱 오버나이트 10P 오버나이트 화이트 좋은느낌 오버나이트,https://www.coupang.com/vp/products/2069925628?itemId=3517044101&vendorItemId=71503164925&q=%EC%98%88%EC%A7%80%EB%AF%B8%EC%9D%B8%EC%88%9C%EC%8A%88%ED%8D%BC%EB%A1%B1%EC%98%A4%EB%B2%84%EB%82%98%EC%9D%B4%ED%8A%B8&itemsCount=36&searchId=0474ba39460a43698a479983b7773fb7&rank=2&isAddedCart=,,,P99-2.jpg
P99-3,승리마트 예지미인 순 슈퍼롱 오버나이트 10개입 X 24 팬티생리대,https://www.coupang.com/vp/products/1270142696?itemId=2274477243&vendorItemId=70291505496&q=%EC%98%88%EC%A7%80%EB%AF%B8%EC%9D%B8%EC%88%9C%EC%8A%88%ED%8D%BC%EB%A1%B1%EC%98%A4%EB%B2%84%EB%82%98%EC%9D%B4%ED%8A%B8&itemsCount=36&searchId=0474ba39460a43698a479983b7773fb7&rank=3&isAddedCart=,,,P99-3.jpg
Q105-1,좋은느낌 에어핏쿠션 울트라슬림 날개형 대형 32P 오버나이트/팬티생리대,https://www.coupang.com/vp/products/343865558?itemId=2353469429&vendorItemId=70809899405&q=%EB%9D%BC%EB%84%A4%EC%9D%B4%EC%B2%98%EC%8B%9C%EA%B7%B8%EB%8B%88%EC%B2%98%EB%A7%A5%EC%8B%9C%EC%8A%AC%EB%A6%BC%EB%8C%80%ED%98%95%EB%82%A0%EA%B0%9C%ED%98%95&itemsCount=36&searchId=9d9f22bd68114e1081daa2da78bf0195&rank=1&isAddedCart=,,,Q105-1.jpg
Q105-2,라네이처 시그니처 팬티라이너 롱28px2개 생리대,https://www.coupang.com/vp/products/1131036362?itemId=2098930970&vendorItemId=70785158863&q=%EB%9D%BC%EB%84%A4%EC%9D%B4%EC%B2%98%EC%8B%9C%EA%B7%B8%EB%8B%88%EC%B2%98%EB%A7%A5%EC%8B%9C%EC%8A%AC%EB%A6%BC%EB%8C%80%ED%98%95%EB%82%A0%EA%B0%9C%ED%98%95&itemsCount=36&searchId=9d9f22bd68114e1081daa2da78bf0195&rank=2&isAddedCart=,,,Q105-2.jpg
Q105-3,좋은느낌 슬림 날개 수퍼롱 오버나이트 20P 날개형 생리대,https://www.coupang.com/vp/products/1545656941?itemId=2646318369&vendorItemId=71104732160&q=%EB%9D%BC%EB%84%A4%EC%9D%B4%EC%B2%98%EC%8B%9C%EA%B7%B8%EB%8B%88%EC%B2%98%EB%A7%A5%EC%8B%9C%EC%8A%AC%EB%A6%BC%EB%8C%80%ED%98%95%EB%82%A0%EA%B0%9C%ED%98%95&itemsCount=36&searchId=9d9f22bd68114e1081daa2da78bf0195&rank=3&isAddedCart=,,,Q105-3.jpg
Q106-1,좋은느낌 에어핏 쿠션 울트라 슬림 중형 36매 날개형 생리대,https://www.coupang.com/vp/products/343865557?itemId=1095137110&vendorItemId=71024452579&q=%EB%9D%BC%EB%84%A4%EC%9D%B4%EC%B2%98%EC%8B%9C%EA%B7%B8%EB%8B%88%EC%B2%98%EB%A7%A5%EC%8B%9C%EC%8A%AC%EB%A6%BC%EC%A4%91%ED%98%95%EB%82%A0%EA%B0%9C%ED%98%95&itemsCount=36&searchId=1eb20c6d1a364dd39c412735c6bea3ed&rank=1&isAddedCart=,,,Q106-1.jpg
Q107-2,라네이처 시그니처 울트라슬림 소형 14x3,https://www.coupang.com/vp/products/1658884548?itemId=2826188860&vendorItemId=70815642740&q=%EB%9D%BC%EB%84%A4%EC%9D%B4%EC%B2%98%EC%8B%9C%EA%B7%B8%EB%8B%88%EC%B2%98%EC%9A%B8%ED%8A%B8%EB%9D%BC%EC%8A%AC%EB%A6%BC%EC%86%8C%ED%98%95%EB%82%A0%EA%B0%9C%ED%98%95&itemsCount=36&searchId=797cf77f106e46469cf1e33486c0aaa1&rank=2&isAddedCart=,,,Q107-2.jpg
Q109-1,라네이처 시그니처 울트라 대형 생리대 날개형,https://www.coupang.com/vp/products/339860308?itemId=1082315386&vendorItemId=5585331398&pickType=COU_PICK&q=%EB%9D%BC%EB%84%A4%EC%9D%B4%EC%B2%98%EC%9A%B8%ED%8A%B8%EB%9D%BC%EB%8C%80%ED%98%95%EB%82%A0%EA%B0%9C%ED%98%95&itemsCount=36&searchId=dc4d7ae9c81c45f98a179612809f7d7b&rank=1&isAddedCart=,,,Q109-1.jpg
Q109-2,라네이처 시그니처 맥시슬림 대형 생리대 날개형,https://www.coupang.com/vp/products/339860852?itemId=1082317767&vendorItemId=5585335432&q=%EB%9D%BC%EB%84%A4%EC%9D%B4%EC%B2%98%EC%9A%B8%ED%8A%B8%EB%9D%BC%EB%8C%80%ED%98%95%EB%82%A0%EA%B0%9C%ED%98%95&itemsCount=36&searchId=dc4d7ae9c81c45f98a179612809f7d7b&rank=2&isAddedCart=,,,Q109-2.jpg
Q109-3,라네이처 울트라 대형 생리대 날개형,https://www.coupang.com/vp/products/1082650249?itemId=2035766249&vendorItemId=71226183148&q=%EB%9D%BC%EB%84%A4%EC%9D%B4%EC%B2%98%EC%9A%B8%ED%8A%B8%EB%9D%BC%EB%8C%80%ED%98%95%EB%82%A0%EA%B0%9C%ED%98%95&itemsCount=36&searchId=dc4d7ae9c81c45f98a179612809f7d7b&rank=3&isAddedCart=,,,Q109-3.jpg
Q110-1,라네이처 시그니처 울트라 중형 생리대 날개형,https://www.coupang.com/vp/products/339860413?itemId=1082315807&vendorItemId=5585332170&q=%EB%9D%BC%EB%84%A4%EC%9D%B4%EC%B2%98%EC%9A%B8%ED%8A%B8%EB%9D%BC%EC%A4%91%ED%98%95%EB%82%A0%EA%B0%9C%ED%98%95&itemsCount=36&searchId=14c9b52ed78d4f448df20317c3e93b69&rank=1&isAddedCart=,,,Q110-1.jpg
Q110-2,라네이처 시그니처 맥시슬림 중형 생리대 날개형,https://www.coupang.com/vp/products/339860438?itemId=1082315914&vendorItemId=5585332284&q=%EB%9D%BC%EB%84%A4%EC%9D%B4%EC%B2%98%EC%9A%B8%ED%8A%B8%EB%9D%BC%EC%A4%91%ED%98%95%EB%82%A0%EA%B0%9C%ED%98%95&itemsCount=36&searchId=14c9b52ed78d4f448df20317c3e93b69&rank=2&isAddedCart=,,,Q110-2.jpg
Q110-3,라네이처 울트라 중형 생리대 날개형,https://www.coupang.com/vp/products/1082650204?itemId=2035766183&vendorItemId=71226176579&q=%EB%9D%BC%EB%84%A4%EC%9D%B4%EC%B2%98%EC%9A%B8%ED%8A%B8%EB%9D%BC%EC%A4%91%ED%98%95%EB%82%A0%EA%B0%9C%ED%98%95&itemsCount=36&searchId=14c9b52ed78d4f448df20317c3e93b69&rank=3&isAddedCart=,,,Q110-3.jpg
Q111-1,좋은느낌 입는 오버나이트 팬티형 L 생리대 8p x 3개 + 에어핏쿠션 중형 날개형 8p,https://www.coupang.com/vp/products/207190266?itemId=612863161&vendorItemId=4608019308&q=%EC%A2%8B%EC%9D%80%EB%8A%90%EB%82%8C%EC%86%9C%EC%86%9C%EC%A4%91%ED%98%95%EB%82%A0%EA%B0%9C%ED%98%95&itemsCount=36&searchId=39fd2305a93a4c619717be99d2eb51fe&rank=1&isAddedCart=,,,Q111-1.jpg
Q111-2,좋은느낌 유기농 순면커버 맥시슬림 중형 생리대 날개형,https://www.coupang.com/vp/products/112548280?itemId=338534259&vendorItemId=5452626131&q=%EC%A2%8B%EC%9D%80%EB%8A%90%EB%82%8C%EC%86%9C%EC%86%9C%EC%A4%91%ED%98%95%EB%82%A0%EA%B0%9C%ED%98%95&itemsCount=36&searchId=39fd2305a93a4c619717be99d2eb51fe&rank=2&isAddedCart=,,,Q111-2.jpg
Q111-3,좋은느낌 좋은순면 울트라 중형 생리대 날개형,https://www.coupang.com/vp/products/4753435?itemId=21600503&vendorItemId=5451665563&pickType=COU_PICK&q=%EC%A2%8B%EC%9D%80%EB%8A%90%EB%82%8C%EC%86%9C%EC%86%9C%EC%A4%91%ED%98%95%EB%82%A0%EA%B0%9C%ED%98%95&itemsCount=36&searchId=39fd2305a93a4c619717be99d2eb51fe&rank=3&isAddedCart=,,,Q111-3.jpg
Q112-2,좋은느낌 에어핏 쿠션 울트라 슬림 대형 생리대 날개형,https://www.coupang.com/vp/products/343865558?itemId=1092469307&vendorItemId=5608156556&q=%EC%A2%8B%EC%9D%80%EB%8A%90%EB%82%8C+%EB%8C%80%ED%98%95+%EB%82%A0%EA%B0%9C%ED%98%95&itemsCount=36&searchId=c22b09c7f87a45fea7f9f95090fcbcdd&rank=2&isAddedCart=,,,Q112-2.jpg
Q112-3,좋은느낌 좋은순면 맥시슬림 대형 생리대 날개형,https://www.coupang.com/vp/products/192055393?itemId=549353297&vendorItemId=4441583912&q=%EC%A2%8B%EC%9D%80%EB%8A%90%EB%82%8C+%EB%8C%80%ED%98%95+%EB%82%A0%EA%B0%9C%ED%98%95&itemsCount=36&searchId=c22b09c7f87a45fea7f9f95090fcbcdd&rank=3&isAddedCart=,,,Q112-3.jpg
Q113-1,좋은느낌 에어핏 쿠션 수퍼롱 생리대 날개형,https://www.coupang.com/vp/products/1858596550?itemId=3159304999&vendorItemId=70084645061&pickType=COU_PICK&q=%EC%A2%8B%EC%9D%80%EB%8A%90%EB%82%8C+%EC%88%98%ED%8D%BC%EB%A1%B1+%EC%98%A4%EB%B2%84%EB%82%98%EC%9D%B4%ED%8A%B8&itemsCount=36&searchId=b151612065b245958acad610604cd28f&rank=1&isAddedCart=,,,Q113-1.jpg
Q113-2,좋은느낌 수퍼롱 슬림 오버나이트 생리대 날개형 42cm,https://www.coupang.com/vp/products/11306641?itemId=291797555&vendorItemId=5452454578&q=%EC%A2%8B%EC%9D%80%EB%8A%90%EB%82%8C+%EC%88%98%ED%8D%BC%EB%A1%B1+%EC%98%A4%EB%B2%84%EB%82%98%EC%9D%B4%ED%8A%B8&itemsCount=36&searchId=b151612065b245958acad610604cd28f&rank=2&isAddedCart=,,,Q113-2.jpg
Q113-3,좋은느낌 좋은순면 슈퍼롱 오버나이트 생리대 날개형,https://www.coupang.com/vp/products/4033037?itemId=19712817&vendorItemId=5452673793&q=%EC%A2%8B%EC%9D%80%EB%8A%90%EB%82%8C+%EC%88%98%ED%8D%BC%EB%A1%B1+%EC%98%A4%EB%B2%84%EB%82%98%EC%9D%B4%ED%8A%B8&itemsCount=36&searchId=b151612065b245958acad610604cd28f&rank=3&isAddedCart=,,,Q113-3.jpg
Q115-1,좋은느낌 에어핏 쿠션 울트라 슬림 중형 생리대 날개형,https://www.coupang.com/vp/products/343865557?itemId=1092469305&vendorItemId=5608156557&pickType=COU_PICK&q=%EC%A2%8B%EC%9D%80%EB%8A%90%EB%82%8C%EC%8A%AC%EB%A6%BC%EC%A4%91%ED%98%95%EB%82%A0%EA%B0%9C%ED%98%95&itemsCount=36&searchId=f223ba03f79c497981fed094b072782a&rank=1&isAddedCart=,,,Q115-1.jpg
Q116-1,루나미 소프트 국내산 오버나이트 수퍼롱 날개형,https://www.coupang.com/vp/products/303577885?itemId=954955301&vendorItemId=5351829387&q=%EC%88%98%ED%8D%BC%EB%A1%B1%EC%98%A4%EB%B2%84%EB%82%98%EC%9D%B4%ED%8A%B8+%EB%82%A0%EA%B0%9C%ED%98%95&itemsCount=36&searchId=d96a29124a27414588f623af66c99997&rank=1&isAddedCart=,,,Q116-1.jpg
Q116-3,화이트 시크릿홀 수퍼롱 오버나이트 생리대 날개형,https://www.coupang.com/vp/products/2916021?itemId=514998626&vendorItemId=70167015970&q=%EC%88%98%ED%8D%BC%EB%A1%B1%EC%98%A4%EB%B2%84%EB%82%98%EC%9D%B4%ED%8A%B8+%EB%82%A0%EA%B0%9C%ED%98%95&itemsCount=36&searchId=d96a29124a27414588f623af66c99997&rank=3&isAddedCart=,,,Q116-3.jpg
Q118-1,시크릿데이 러브 울트라슬림 중형 생리대 날개형,https://www.coupang.com/vp/products/23651666?itemId=430172646&vendorItemId=5456783213&q=%EC%A4%91%ED%98%95+%EB%82%A0%EA%B0%9C%ED%98%95&itemsCount=36&searchId=7d1128ecf12e44898f254889f73c3ef9&rank=1&isAddedCart=,,,Q118-1.jpg
Q118-2,순수한면 제로 생리대 날개형 중형 16개입 x 4팩 + 대형 14개입 x 2팩 세트,https://www.coupang.com/vp/products/1414288909?itemId=2450844574&vendorItemId=70444496005&q=%EC%A4%91%ED%98%95+%EB%82%A0%EA%B0%9C%ED%98%95&itemsCount=36&searchId=7d1128ecf12e44898f254889f73c3ef9&rank=2&isAddedCart=,,,Q118-2.jpg
Q121-1,좋은느낌 유기농 순면커버 울트라슬림 소형 생리대 날개형,https://www.coupang.com/vp/products/104173078?itemId=316076181&vendorItemId=5452604589&q=%EC%9A%B8%ED%8A%B8%EB%9D%BC%EC%86%8C%ED%98%95%EB%82%A0%EA%B0%9C%ED%98%95&itemsCount=36&searchId=103690eb195a4092896fa770f928a3e6&rank=1&isAddedCart=,,,Q121-1.jpg
Q121-2,화이트 시크릿홀 울트라 소형 생리대 날개형,https://www.coupang.com/vp/products/2916112?itemId=202999&vendorItemId=5452685411&q=%EC%9A%B8%ED%8A%B8%EB%9D%BC%EC%86%8C%ED%98%95%EB%82%A0%EA%B0%9C%ED%98%95&itemsCount=36&searchId=103690eb195a4092896fa770f928a3e6&rank=2&isAddedCart=,,,Q121-2.jpg
Q125-1,도매팡팡 알루미늄 틀 벽걸이 A3 중형 액자게시판 액자 프레임,https://www.coupang.com/vp/products/339533685?itemId=1081618563&vendorItemId=71258363083&q=%EC%A2%8B%EC%9D%80%EB%8A%90%EB%82%8C%EC%A2%8B%EC%9D%80%EC%88%9C%EB%A9%B4%EC%8A%AC%EB%A6%BC%EB%8C%80%ED%98%95%EB%82%A0%EA%B0%9C%ED%98%95%EC%97%90%EC%9D%B4&itemsCount=10&searchId=b771be62e21a42518cea0cb421caac8f&rank=1&isAddedCart=,,,Q125-1.jpg
Q125-2,도매팡팡 부착용Z 꽂이판 중형 안내판 홍보판 메모꽂이X1EA 아크릴 POP꽂이,https://www.coupang.com/vp/products/1510051944?itemId=2592117137&vendorItemId=70583385720&q=%EC%A2%8B%EC%9D%80%EB%8A%90%EB%82%8C%EC%A2%8B%EC%9D%80%EC%88%9C%EB%A9%B4%EC%8A%AC%EB%A6%BC%EB%8C%80%ED%98%95%EB%82%A0%EA%B0%9C%ED%98%95%EC%97%90%EC%9D%B4&itemsCount=10&searchId=b771be62e21a42518cea0cb421caac8f&rank=2&isAddedCart=,,,Q125-2.jpg
Q125-3,Slim굿순면미들사이즈리퀴드부드러움날개형에이,https://www.coupang.com/vp/products/1690229011?itemId=2878415229&vendorItemId=70867544290&q=%EC%A2%8B%EC%9D%80%EB%8A%90%EB%82%8C%EC%A2%8B%EC%9D%80%EC%88%9C%EB%A9%B4%EC%8A%AC%EB%A6%BC%EB%8C%80%ED%98%95%EB%82%A0%EA%B0%9C%ED%98%95%EC%97%90%EC%9D%B4&itemsCount=10&searchId=b771be62e21a42518cea0cb421caac8f&rank=3&isAddedCart=,,,Q125-3.jpg
Q126-1,좋은느낌 NEW 좋은순면 생리대 대형,https://www.coupang.com/vp/products/10031708?itemId=44261097&vendorItemId=5021939125&q=%EC%A2%8B%EC%9D%80%EB%8A%90%EB%82%8C%EC%A2%8B%EC%9D%80%EC%88%9C%EB%A9%B4%EC%9A%B8%ED%8A%B8%EB%9D%BC%EB%8C%80%ED%98%95%EB%82%A0%EA%B0%9C%ED%98%95%EB%89%B4&itemsCount=31&searchId=43b6ef77eb0541d2af6ead60b932b37a&rank=1&isAddedCart=,,,Q126-1.jpg
Q126-2,좋은느낌 유기농 순면커버 뉴 울날중 18매x3팩 총54매 생리대 유기농 생리대,https://www.coupang.com/vp/products/146105587?itemId=423270235&vendorItemId=4041827789&q=%EC%A2%8B%EC%9D%80%EB%8A%90%EB%82%8C%EC%A2%8B%EC%9D%80%EC%88%9C%EB%A9%B4%EC%9A%B8%ED%8A%B8%EB%9D%BC%EB%8C%80%ED%98%95%EB%82%A0%EA%B0%9C%ED%98%95%EB%89%B4&itemsCount=31&searchId=43b6ef77eb0541d2af6ead60b932b37a&rank=2&isAddedCart=,,,Q126-2.jpg
Q126-3,좋은순면 슬림 대형 날개형 32개입 x 2팩 (총64개),https://www.coupang.com/vp/products/66909358?itemId=224626835&vendorItemId=3545788774&q=%EC%A2%8B%EC%9D%80%EB%8A%90%EB%82%8C%EC%A2%8B%EC%9D%80%EC%88%9C%EB%A9%B4%EC%9A%B8%ED%8A%B8%EB%9D%BC%EB%8C%80%ED%98%95%EB%82%A0%EA%B0%9C%ED%98%95%EB%89%B4&itemsCount=31&searchId=43b6ef77eb0541d2af6ead60b932b37a&rank=3&isAddedCart=,,,Q126-3.jpg
Q127-2,[richsoft77] 금창 오일펌프 중형 400CC 오일통 기름펌프 윤활작업 모터 펌프,https://www.coupang.com/vp/products/329633049?itemId=1053951037&vendorItemId=5158963490&q=%EC%A2%8B%EC%9D%80%EB%8A%90%EB%82%8C%EC%A2%8B%EC%9D%80%EC%88%9C%EB%A9%B4%EC%9A%B8%ED%8A%B8%EB%9D%BC%EC%86%8C%ED%98%95%EB%82%A0%EA%B0%9C%ED%98%95%EB%89%B4&itemsCount=17&searchId=c6454dacb4a94bc28b76cdcc4d00efc6&rank=2&isAddedCart=,,,Q127-2.jpg
Q128-2,좋은느낌 에어핏쿠션 오버나이트 날개형 생리대,https://www.coupang.com/vp/products/1858425158?itemId=3159026214&vendorItemId=5452235874&pickType=COU_PICK&q=%EC%A2%8B%EC%9D%80%EB%8A%90%EB%82%8C+%EC%8A%AC%EB%A6%BC+%EC%88%98%ED%8D%BC%EB%A1%B1+%EC%98%A4%EB%B2%84%EB%82%98%EC%9D%B4%ED%8A%B8&itemsCount=36&searchId=62c23f240e9f475d97ceb8e42fad8ae6&rank=2&isAddedCart=,,,Q128-2.jpg
Q128-3,좋은느낌 유기농순면 뉴 울트라슬림 중형 생리대 날개형,https://www.coupang.com/vp/products/1384319459?itemId=2419017670&vendorItemId=71037606813&q=%EC%A2%8B%EC%9D%80%EB%8A%90%EB%82%8C+%EC%8A%AC%EB%A6%BC+%EC%88%98%ED%8D%BC%EB%A1%B1+%EC%98%A4%EB%B2%84%EB%82%98%EC%9D%B4%ED%8A%B8&itemsCount=36&searchId=62c23f240e9f475d97ceb8e42fad8ae6&rank=3&isAddedCart=,,,Q128-3.jpg
Q129-1,유한킴벌리 코텍스 좋은느낌2 울트라 대형 날개형 엠씨 16개입 생활용품 > 생리대/성인기저귀 패드형 생리대 일자형생리대,https://www.coupang.com/vp/products/124166024?itemId=367558080&vendorItemId=3892633217&q=%EC%BD%94%ED%85%8D%EC%8A%A4%EC%A2%8B%EC%9D%80%EB%8A%90%EB%82%8C2%EC%9A%B8%ED%8A%B8%EB%9D%BC%EB%8C%80%ED%98%95%EB%82%A0%EA%B0%9C%ED%98%95%EC%97%A0%EC%94%A8&itemsCount=4&searchId=5f511eadd2a147fcaa1d0934d6b7c779&rank=1&isAddedCart=,,,Q129-1.jpg
Q129-2,유한킴벌리 코텍스 좋은느낌2 울트라 대형 날개형 엠씨 16개입 32개입 BOX 생활용품 > 생리대/성인기저귀 패드형 생리대 일자형생리대,https://www.coupang.com/vp/products/224823659?itemId=709051728&vendorItemId=4802178095&q=%EC%BD%94%ED%85%8D%EC%8A%A4%EC%A2%8B%EC%9D%80%EB%8A%90%EB%82%8C2%EC%9A%B8%ED%8A%B8%EB%9D%BC%EB%8C%80%ED%98%95%EB%82%A0%EA%B0%9C%ED%98%95%EC%97%A0%EC%94%A8&itemsCount=4&searchId=5f511eadd2a147fcaa1d0934d6b7c779&rank=2&isAddedCart=,,,Q129-2.jpg
Q129-3,유한킴벌리 코텍스 좋은느낌2 슬림 대형 날개형 엠씨 12개입 생활용품 > 생리대/성인기저귀 패드형 생리대 일자형생리대,https://www.coupang.com/vp/products/1324652528?itemId=2346832811&vendorItemId=3919792533&q=%EC%BD%94%ED%85%8D%EC%8A%A4%EC%A2%8B%EC%9D%80%EB%8A%90%EB%82%8C2%EC%9A%B8%ED%8A%B8%EB%9D%BC%EB%8C%80%ED%98%95%EB%82%A0%EA%B0%9C%ED%98%95%EC%97%A0%EC%94%A8&itemsCount=4&searchId=5f511eadd2a147fcaa1d0934d6b7c779&rank=3&isAddedCart=,,,Q129-3.jpg
Q130-1,좋은느낌 코텍스 오버나이트 10P X 5팩 생리대,https://www.coupang.com/vp/products/132602257?itemId=389978240&vendorItemId=70357782686&q=%EC%BD%94%ED%85%8D%EC%8A%A4+%EC%A2%8B%EC%9D%80%EB%8A%90%EB%82%8C2+%EC%9A%B8%ED%8A%B8%EB%9D%BC&itemsCount=36&searchId=494afde27ca144e58f6e455c798306a6&rank=1&isAddedCart=,,,Q130-1.jpg
Q130-2,좋은느낌 오버나이트 10개입 (일반형) 생리대,https://www.coupang.com/vp/products/25882769?itemId=100708028&vendorItemId=70675447090&q=%EC%BD%94%ED%85%8D%EC%8A%A4+%EC%A2%8B%EC%9D%80%EB%8A%90%EB%82%8C2+%EC%9A%B8%ED%8A%B8%EB%9D%BC&itemsCount=36&searchId=494afde27ca144e58f6e455c798306a6&rank=2&isAddedCart=,,,Q130-2.jpg
Q130-3,좋은느낌 코텍스 오버나이트 생리대 20x3,https://www.coupang.com/vp/products/1445751647?itemId=2491086221&vendorItemId=71169320211&q=%EC%BD%94%ED%85%8D%EC%8A%A4+%EC%A2%8B%EC%9D%80%EB%8A%90%EB%82%8C2+%EC%9A%B8%ED%8A%B8%EB%9D%BC&itemsCount=36&searchId=494afde27ca144e58f6e455c798306a6&rank=3&isAddedCart=,,,Q130-3.jpg
Q131-1,유한킴벌리 코텍스 좋은느낌2 울트라 소형 날개형 엠씨 18개입 32개 BOX 생활용품 > 생리대/성인기저귀 패드형 생리대 일자형생리대,https://www.coupang.com/vp/products/344154922?itemId=1093383523&vendorItemId=3456226170&q=%EC%BD%94%ED%85%8D%EC%8A%A4%EC%A2%8B%EC%9D%80%EB%8A%90%EB%82%8C2%EC%9A%B8%ED%8A%B8%EB%9D%BC%EC%86%8C%ED%98%95%EB%82%A0%EA%B0%9C%ED%98%95%EC%97%A0%EC%94%A8&itemsCount=2&searchId=12633787e9524b98a1a50ab8e0cbe2aa&rank=1&isAddedCart=,,,Q131-1.jpg
Q132-1,[C.P] IS 좋은느낌 좋은순면 슬림 중형 날개형에이 라이너 생리컵 좋은느낌 팬티라이너 마법의날 생리 오버나이트 생리대 그날 화이트,https://www.coupang.com/vp/products/1700700722?itemId=2894518484&vendorItemId=70883522858&q=%EC%A2%8B%EC%9D%80%EB%8A%90%EB%82%8C+%EC%9A%B8%ED%8A%B8%EB%9D%BC%EC%A4%91%ED%98%95+%EB%82%A0%EA%B0%9C%ED%98%95%EC%97%90%EC%9D%B4&itemsCount=36&searchId=3770d5ea60c04623a4e8ab8c0eefece9&rank=1&isAddedCart=,,,Q132-1.jpg
Q132-2,[DS] IS 좋은느낌 좋은순면 슬림 중형 날개형에이,https://www.coupang.com/vp/products/1603699755?itemId=2739102721&vendorItemId=70729165776&q=%EC%A2%8B%EC%9D%80%EB%8A%90%EB%82%8C+%EC%9A%B8%ED%8A%B8%EB%9D%BC%EC%A4%91%ED%98%95+%EB%82%A0%EA%B0%9C%ED%98%95%EC%97%90%EC%9D%B4&itemsCount=36&searchId=3770d5ea60c04623a4e8ab8c0eefece9&rank=2&isAddedCart=,,,Q132-2.jpg
Q132-3,IS 좋은느낌 좋은순면 슬림 중형 날개형에이 좋은느낌 팬티라이너 생리컵 그날 생리대 생리 화이트 마법의날 오버나이트 라이너,https://www.coupang.com/vp/products/1603578844?itemId=2738899862&vendorItemId=70878801841&q=%EC%A2%8B%EC%9D%80%EB%8A%90%EB%82%8C+%EC%9A%B8%ED%8A%B8%EB%9D%BC%EC%A4%91%ED%98%95+%EB%82%A0%EA%B0%9C%ED%98%95%EC%97%90%EC%9D%B4&itemsCount=36&searchId=3770d5ea60c04623a4e8ab8c0eefece9&rank=3&isAddedCart=,,,Q132-3.jpg
Q135-1,좋은느낌 순수 울트라 중형 날개형 생리대,https://www.coupang.com/vp/products/167693866?itemId=480215967&vendorItemId=3492601560&q=%EC%A2%8B%EC%9D%80%EB%8A%90%EB%82%8C+%EC%88%9C%EC%88%98+%EC%9A%B8%ED%8A%B8%EB%9D%BC+%EC%A4%91%ED%98%95&itemsCount=36&searchId=c8aecfe7a09e48259346f6fb125fdafb&rank=1&isAddedCart=,,,Q135-1.jpg
Q135-2,좋은느낌 울트라 생리대 소형,https://www.coupang.com/vp/products/161318624?itemId=463392805&vendorItemId=70675501123&q=%EC%A2%8B%EC%9D%80%EB%8A%90%EB%82%8C+%EC%88%9C%EC%88%98+%EC%9A%B8%ED%8A%B8%EB%9D%BC+%EC%A4%91%ED%98%95&itemsCount=36&searchId=c8aecfe7a09e48259346f6fb125fdafb&rank=2&isAddedCart=,,,Q135-2.jpg
Q135-3,화이트 시크릿홀 울트라 날개 중형 19매x5팩 [BM45] 생리대,https://www.coupang.com/vp/products/37627534?itemId=138625861&vendorItemId=70392678980&q=%EC%A2%8B%EC%9D%80%EB%8A%90%EB%82%8C+%EC%88%9C%EC%88%98+%EC%9A%B8%ED%8A%B8%EB%9D%BC+%EC%A4%91%ED%98%95&itemsCount=36&searchId=c8aecfe7a09e48259346f6fb125fdafb&rank=3&isAddedCart=,,,Q135-3.jpg
Q136-1,좋은느낌 유기농 순면커버 32개입 (맥시 슬림 날개형 대형) 생리대,https://www.coupang.com/vp/products/322777909?itemId=1033883875&vendorItemId=5484502059&q=%EC%BD%94%ED%85%8D%EC%8A%A4%EC%A2%8B%EC%9D%80%EB%8A%90%EB%82%8C+%EC%A2%8B%EC%9D%80%EC%88%9C%EB%A9%B4+%EC%9A%B8%ED%8A%B8%EB%9D%BC+%EC%A4%91%ED%98%95&itemsCount=18&searchId=7902dd42764a48df8d9eef731f95287c&rank=1&isAddedCart=,,,Q136-1.jpg
Q136-2,좋은느낌 중형 울트라 날개형 18개입 생리대,https://www.coupang.com/vp/products/49449986?itemId=174865294&vendorItemId=3418396860&q=%EC%BD%94%ED%85%8D%EC%8A%A4%EC%A2%8B%EC%9D%80%EB%8A%90%EB%82%8C+%EC%A2%8B%EC%9D%80%EC%88%9C%EB%A9%B4+%EC%9A%B8%ED%8A%B8%EB%9D%BC+%EC%A4%91%ED%98%95&itemsCount=18&searchId=7902dd42764a48df8d9eef731f95287c&rank=2&isAddedCart=,,,Q136-2.jpg
Q137-1,화이트 시크릿홀 울트라슬림 중형 18p x 2팩 + 수퍼롱 오버나이트 10p,https://www.coupang.com/vp/products/177426453?itemId=507383218&vendorItemId=4300855569&q=%ED%99%94%EC%9D%B4%ED%8A%B8+%EC%8B%9C%ED%81%AC%EB%A6%BF%ED%99%80+%EC%8A%AC%EB%A6%BC+%EC%88%98%ED%8D%BC%EB%A1%B1&itemsCount=36&searchId=8fd888b8499a43f99ae33425cc4fd023&rank=1&isAddedCart=,,,Q137-1.jpg
Q137-2,화이트 시크릿홀 슬림 슈퍼롱 오버나이트 42cm 16+4P 날개형 생리대,https://www.coupang.com/vp/products/247886373?itemId=784794974&vendorItemId=70740042318&q=%ED%99%94%EC%9D%B4%ED%8A%B8+%EC%8B%9C%ED%81%AC%EB%A6%BF%ED%99%80+%EC%8A%AC%EB%A6%BC+%EC%88%98%ED%8D%BC%EB%A1%B1&itemsCount=36&searchId=8fd888b8499a43f99ae33425cc4fd023&rank=2&isAddedCart=,,,Q137-2.jpg
Q138-2,화이트 시크릿홀 울트라 날개 오버나이트 28매x2팩 생리대,https://www.coupang.com/vp/products/183480880?itemId=525371698&vendorItemId=5190545957&q=%ED%99%94%EC%9D%B4%ED%8A%B8+%EC%8B%9C%ED%81%AC%EB%A6%BF%ED%99%80+%EC%9A%B8%ED%8A%B8%EB%9D%BC+%EC%86%8C%ED%98%95&itemsCount=36&searchId=61939f6a0e2a4b20ae7f2cc5cffbcd62&rank=2&isAddedCart=,,,Q138-2.jpg
Q138-3,화이트 시크릿홀 울트라 슬림 날개형 생리대 소형,https://www.coupang.com/vp/products/9297132?itemId=40803782&vendorItemId=71169633183&q=%ED%99%94%EC%9D%B4%ED%8A%B8+%EC%8B%9C%ED%81%AC%EB%A6%BF%ED%99%80+%EC%9A%B8%ED%8A%B8%EB%9D%BC+%EC%86%8C%ED%98%95&itemsCount=36&searchId=61939f6a0e2a4b20ae7f2cc5cffbcd62&rank=3&isAddedCart=,,,Q138-3.jpg
Q139-1,[현대백화점]코텍스 화이트4 시크릿홀 울트라 중형날개형 18개(양이보통인날24cm),https://www.coupang.com/vp/products/272378796?itemId=857495150&vendorItemId=5176075527&q=%EC%BD%94%ED%85%8D%EC%8A%A4%ED%99%94%EC%9D%B4%ED%8A%B84%EC%8B%9C%ED%81%AC%EB%A6%BF%ED%99%80%EC%9A%B8%ED%8A%B8%EB%9D%BC%EC%A4%91%ED%98%95%EB%82%A0%EA%B0%9C%ED%98%95&itemsCount=2&searchId=66368bf9974a44139a84eb963b28ecac&rank=1&isAddedCart=,,,Q139-1.jpg
Q140-1,노브랜드 깨끗한 자연순면 슈퍼롱 오버나이트 8P,https://www.coupang.com/vp/products/1738921661?itemId=2960553041&vendorItemId=70949024563&q=%EC%BD%94%ED%85%8D%EC%8A%A4%ED%99%94%EC%9D%B4%ED%8A%B8%EC%9E%85%EB%8A%94%EC%98%A4%EB%B2%84%EB%82%98%EC%9D%B4%ED%8A%B8%ED%8C%AC%ED%8B%B0%ED%98%95%EC%83%9D%EB%A6%AC%EB%8C%80%EC%A4%91%ED%98%95&itemsCount=36&searchId=a9feead24aef4d219dafffadeae5ed5c&rank=1&isAddedCart=,,,Q140-1.jpg
Q142-1,화이트 시크릿홀 울트라슬림 대형 날개형 생리대,https://www.coupang.com/vp/products/1962071968?itemId=3334933427&vendorItemId=5452093979&q=%ED%99%94%EC%9D%B4%ED%8A%B8%EC%8B%9C%ED%81%AC%EB%A6%BF%ED%99%80%EC%8A%AC%EB%A6%BC%EB%8C%80%ED%98%95%EB%82%A0%EA%B0%9C%ED%98%95&itemsCount=36&searchId=cfddc3dffdf74c189c8f91934551aeb7&rank=1&isAddedCart=,,,Q142-1.jpg
Q142-2,시크릿데이 러브 울트라 슬림 대형 생리대 날개형,https://www.coupang.com/vp/products/3011614?itemId=7018388&vendorItemId=4063566232&q=%ED%99%94%EC%9D%B4%ED%8A%B8%EC%8B%9C%ED%81%AC%EB%A6%BF%ED%99%80%EC%8A%AC%EB%A6%BC%EB%8C%80%ED%98%95%EB%82%A0%EA%B0%9C%ED%98%95&itemsCount=36&searchId=cfddc3dffdf74c189c8f91934551aeb7&rank=2&isAddedCart=,,,Q142-2.jpg
Q142-3,화이트 시크릿홀 맥시 슬림 중형 생리대 날개형 14개입 x 6팩 + 울트라 슬림 대형 날개형 8개입 세트,https://www.coupang.com/vp/products/1441249843?itemId=2485163126&vendorItemId=70478421760&pickType=COU_PICK&q=%ED%99%94%EC%9D%B4%ED%8A%B8%EC%8B%9C%ED%81%AC%EB%A6%BF%ED%99%80%EC%8A%AC%EB%A6%BC%EB%8C%80%ED%98%95%EB%82%A0%EA%B0%9C%ED%98%95&itemsCount=36&searchId=cfddc3dffdf74c189c8f91934551aeb7&rank=3&isAddedCart=,,,Q142-3.jpg
Q143-1,[빠야몰] 유한킴벌리 화이트 에코프레시 뉴슈퍼롱 오버나이트 42cm 8매입(4개이상구매시 마스크1장증정),https://www.coupang.com/vp/products/1829643223?itemId=3112457421&vendorItemId=71100204308&q=%ED%99%94%EC%9D%B4%ED%8A%B8%EC%8B%9C%ED%81%AC%EB%A6%BF%ED%99%80%EC%9A%B8%ED%8A%B8%EB%9D%BC%EC%8A%AC%EB%A6%BC%EB%8C%80%ED%98%95%EB%82%A0%EA%B0%9C%ED%98%95%EB%89%B4&itemsCount=24&searchId=c186ae9daffd442dbba841864eb0591d&rank=1&isAddedCart=,,,Q143-1.jpg
Q143-2,화이트 에코프레시 울트라 날개 대형16p 9개,https://www.coupang.com/vp/products/246023150?itemId=779722955&vendorItemId=4973215245&q=%ED%99%94%EC%9D%B4%ED%8A%B8%EC%8B%9C%ED%81%AC%EB%A6%BF%ED%99%80%EC%9A%B8%ED%8A%B8%EB%9D%BC%EC%8A%AC%EB%A6%BC%EB%8C%80%ED%98%95%EB%82%A0%EA%B0%9C%ED%98%95%EB%89%B4&itemsCount=24&searchId=c186ae9daffd442dbba841864eb0591d&rank=2&isAddedCart=,,,Q143-2.jpg
Q143-3,화이트 시크릿홀 울트라 날개 대형32p x 20팩,https://www.coupang.com/vp/products/145363436?itemId=421462745&vendorItemId=4457186429&q=%ED%99%94%EC%9D%B4%ED%8A%B8%EC%8B%9C%ED%81%AC%EB%A6%BF%ED%99%80%EC%9A%B8%ED%8A%B8%EB%9D%BC%EC%8A%AC%EB%A6%BC%EB%8C%80%ED%98%95%EB%82%A0%EA%B0%9C%ED%98%95%EB%89%B4&itemsCount=24&searchId=c186ae9daffd442dbba841864eb0591d&rank=3&isAddedCart=,,,Q143-3.jpg
Q144-1,화이트 SF 입는 오버나이트 M8p x 4팩,https://www.coupang.com/vp/products/193670059?itemId=554639242&vendorItemId=4457220394&q=%ED%99%94%EC%9D%B4%ED%8A%B8%EC%97%90%EC%BD%94%ED%94%84%EB%A0%88%EC%8B%9C%EB%89%B4%EC%88%98%ED%8D%BC%EC%98%A4%EB%B2%84%EB%A1%B1%EB%82%98%EC%9D%B4%ED%8A%B8&itemsCount=36&searchId=0b41534f8c684e9cb849d5db8392a45f&rank=1&isAddedCart=,,,Q144-1.jpg
Q144-3,화이트 시크릿홀 슬림 날개 소형18p x 24팩,https://www.coupang.com/vp/products/145361534?itemId=421457642&vendorItemId=4457185940&q=%ED%99%94%EC%9D%B4%ED%8A%B8%EC%97%90%EC%BD%94%ED%94%84%EB%A0%88%EC%8B%9C%EB%89%B4%EC%88%98%ED%8D%BC%EC%98%A4%EB%B2%84%EB%A1%B1%EB%82%98%EC%9D%B4%ED%8A%B8&itemsCount=36&searchId=0b41534f8c684e9cb849d5db8392a45f&rank=3&isAddedCart=,,,Q144-3.jpg
Q145-1,화이트 에코프레시 울트라슬림 대형 생리대 날개형,https://www.coupang.com/vp/products/1731172521?itemId=2946842893&vendorItemId=5452251740&pickType=COU_PICK&q=%ED%99%94%EC%9D%B4%ED%8A%B8%EC%97%90%EC%BD%94%ED%94%84%EB%A0%88%EC%8B%9C%EB%89%B4%EC%9A%B8%ED%8A%B8%EB%9D%BC%EC%8A%AC%EB%A6%BC%EB%8C%80%ED%98%95%EB%82%A0%EA%B0%9C%ED%98%95&itemsCount=36&searchId=5c56b5bdc01f4d849655a32cd126bd0f&rank=1&isAddedCart=,,,Q145-1.jpg
Q145-2,화이트 에코프레시 맥시 슬림 대형 생리대 날개형,https://www.coupang.com/vp/products/306750566?itemId=967149774&vendorItemId=5373494797&q=%ED%99%94%EC%9D%B4%ED%8A%B8%EC%97%90%EC%BD%94%ED%94%84%EB%A0%88%EC%8B%9C%EB%89%B4%EC%9A%B8%ED%8A%B8%EB%9D%BC%EC%8A%AC%EB%A6%BC%EB%8C%80%ED%98%95%EB%82%A0%EA%B0%9C%ED%98%95&itemsCount=36&searchId=5c56b5bdc01f4d849655a32cd126bd0f&rank=2&isAddedCart=,,,Q145-2.jpg
Q145-3,화이트 에코프레시 울트라슬림 중형 생리대 날개형 18p x 2팩 + 맥시슬림 수퍼롱 생리대 날개형 8p 세트,https://www.coupang.com/vp/products/1119899005?itemId=2085628529&vendorItemId=71193315513&q=%ED%99%94%EC%9D%B4%ED%8A%B8%EC%97%90%EC%BD%94%ED%94%84%EB%A0%88%EC%8B%9C%EB%89%B4%EC%9A%B8%ED%8A%B8%EB%9D%BC%EC%8A%AC%EB%A6%BC%EB%8C%80%ED%98%95%EB%82%A0%EA%B0%9C%ED%98%95&itemsCount=36&searchId=5c56b5bdc01f4d849655a32cd126bd0f&rank=3&isAddedCart=,,,Q145-3.jpg
Q147-2,화이트 에코프레시 맥시 슬림 중형 생리대 날개형,https://www.coupang.com/vp/products/306750576?itemId=967149823&vendorItemId=5373494895&q=%ED%99%94%EC%9D%B4%ED%8A%B8%EC%97%90%EC%BD%94%ED%94%84%EB%A0%88%EC%8B%9C%EB%A7%A5%EC%8B%9C%EC%8A%AC%EB%A6%BC%EC%A4%91%ED%98%95%EB%82%A0%EA%B0%9C%ED%98%95&itemsCount=36&searchId=729bb93a927e458492cde56a720eb899&rank=2&isAddedCart=,,,Q147-2.jpg
Q148-1,화이트 시크릿홀 슬림 날개 중형 36매x2팩 생리대,https://www.coupang.com/vp/products/183823147?itemId=526379557&vendorItemId=70720650583&q=%ED%99%94%EC%9D%B4%ED%8A%B8%EC%97%90%EC%BD%94%ED%94%84%EB%A0%88%EC%8B%9C%EC%9A%B8%ED%8A%B8%EB%9D%BC%EC%8A%AC%EB%A6%BC%EC%86%8C%ED%98%95%EB%82%A0%EA%B0%9C%ED%98%95&itemsCount=24&searchId=faae57da8d1046a583a5d6b75983ab3b&rank=1&isAddedCart=,,,Q148-1.jpg
Q148-2,화이트 시크릿홀 맥시슬림형 날개 중형36px2팩 (72p) 날개형 생리대,https://www.coupang.com/vp/products/1060642202?itemId=2004912978&vendorItemId=4949834724&q=%ED%99%94%EC%9D%B4%ED%8A%B8%EC%97%90%EC%BD%94%ED%94%84%EB%A0%88%EC%8B%9C%EC%9A%B8%ED%8A%B8%EB%9D%BC%EC%8A%AC%EB%A6%BC%EC%86%8C%ED%98%95%EB%82%A0%EA%B0%9C%ED%98%95&itemsCount=24&searchId=faae57da8d1046a583a5d6b75983ab3b&rank=2&isAddedCart=,,,Q148-2.jpg
Q148-3,화이트 시크릿홀 슬림 날개 대형 32매x2팩 생리대,https://www.coupang.com/vp/products/165444784?itemId=474496782&vendorItemId=71169764193&q=%ED%99%94%EC%9D%B4%ED%8A%B8%EC%97%90%EC%BD%94%ED%94%84%EB%A0%88%EC%8B%9C%EC%9A%B8%ED%8A%B8%EB%9D%BC%EC%8A%AC%EB%A6%BC%EC%86%8C%ED%98%95%EB%82%A0%EA%B0%9C%ED%98%95&itemsCount=24&searchId=faae57da8d1046a583a5d6b75983ab3b&rank=3&isAddedCart=,,,Q148-3.jpg
Q149-3,화이트 입는오버나이트 중형 팬티형 12p + 에코프레시 울트라슬림 중형 날개형 18p 세트,https://www.coupang.com/vp/products/322061639?itemId=1031200795&vendorItemId=5479803669&q=%ED%99%94%EC%9D%B4%ED%8A%B8%EC%97%90%EC%BD%94%ED%94%84%EB%A0%88%EC%8B%9C%EC%9A%B8%ED%8A%B8%EB%9D%BC%EC%8A%AC%EB%A6%BC%EC%A4%91%ED%98%95%EB%82%A0%EA%B0%9C%ED%98%95&itemsCount=36&searchId=2ac71ca81d57475db019b7c3170bb66a&rank=3&isAddedCart=,,,Q149-3.jpg
Q150-1,후아 내추럴 순면커버 대형 날개형 생리대,https://www.coupang.com/vp/products/77716778?itemId=396485848&vendorItemId=70388960039&q=%ED%9B%84%EC%95%84%EB%82%B4%EC%B6%94%EB%9F%B4%EC%88%9C%EB%A9%B4%EC%BB%A4%EB%B2%84%EC%83%9D%EB%A6%AC%EB%8C%80%EB%8C%80%ED%98%95&itemsCount=17&searchId=4a7b35e4c2ea473f89510ee8cdc33f1a&rank=1&isAddedCart=,,,Q150-1.jpg
Q150-3,[100%정품]암웨이 후아 내추럴 순면커버 생리대 대형 1팩,https://www.coupang.com/vp/products/1945574385?itemId=3303228522&vendorItemId=71290145440&q=%ED%9B%84%EC%95%84%EB%82%B4%EC%B6%94%EB%9F%B4%EC%88%9C%EB%A9%B4%EC%BB%A4%EB%B2%84%EC%83%9D%EB%A6%AC%EB%8C%80%EB%8C%80%ED%98%95&itemsCount=17&searchId=4a7b35e4c2ea473f89510ee8cdc33f1a&rank=3&isAddedCart=,,,Q150-3.jpg
Q151-1,후아 내추럴 순면커버 소형 생리대 날개형,https://www.coupang.com/vp/products/1362918366?itemId=2394378016&vendorItemId=70389615484&q=%ED%9B%84%EC%95%84%EB%82%B4%EC%B6%94%EB%9F%B4%EC%88%9C%EB%A9%B4%EC%BB%A4%EB%B2%84%EC%83%9D%EB%A6%AC%EB%8C%80%EC%86%8C%ED%98%95&itemsCount=36&searchId=d3c4f64649454dfaa6a306233b5c770e&rank=1&isAddedCart=,,,Q151-1.jpg
Q151-2,향수진열대 자개화장대 메이컵박스 화장품정리대 정리함 보관함 2단 3단,https://www.coupang.com/vp/products/1537702011?itemId=2634680668&vendorItemId=70976481289&q=%ED%9B%84%EC%95%84%EB%82%B4%EC%B6%94%EB%9F%B4%EC%88%9C%EB%A9%B4%EC%BB%A4%EB%B2%84%EC%83%9D%EB%A6%AC%EB%8C%80%EC%86%8C%ED%98%95&itemsCount=36&searchId=d3c4f64649454dfaa6a306233b5c770e&rank=2&isAddedCart=,,,Q151-2.jpg
Q151-3,신제품 암웨이 후아 생리대 오버나이트 웨어,https://www.coupang.com/vp/products/89855607?itemId=280352080&vendorItemId=70999414447&q=%ED%9B%84%EC%95%84%EB%82%B4%EC%B6%94%EB%9F%B4%EC%88%9C%EB%A9%B4%EC%BB%A4%EB%B2%84%EC%83%9D%EB%A6%AC%EB%8C%80%EC%86%8C%ED%98%95&itemsCount=36&searchId=d3c4f64649454dfaa6a306233b5c770e&rank=3&isAddedCart=,,,Q151-3.jpg
Q152-1,국산 kf94 중형마스크 최신제조 50매 개별포장 미세먼지 방역마스크 식약처인증 의약외품마스크 보건용마스크 4중구조 3단접이식 후아방역마스크,https://www.coupang.com/vp/products/2017052971?itemId=3430946989&vendorItemId=71417458436&q=%ED%9B%84%EC%95%84%EB%82%B4%EC%B6%94%EB%9F%B4%EC%88%9C%EB%A9%B4%EC%BB%A4%EB%B2%84%EC%83%9D%EB%A6%AC%EB%8C%80%EC%A4%91%ED%98%95&itemsCount=36&searchId=5ec4c1dadb5b49a98480a91bbd6b38c3&rank=1&isAddedCart=,,,Q152-1.jpg
Q152-2,후아 내추럴 순면커버 중형 생리대 날개형,https://www.coupang.com/vp/products/1362302329?itemId=2393673355&vendorItemId=70336469102&q=%ED%9B%84%EC%95%84%EB%82%B4%EC%B6%94%EB%9F%B4%EC%88%9C%EB%A9%B4%EC%BB%A4%EB%B2%84%EC%83%9D%EB%A6%AC%EB%8C%80%EC%A4%91%ED%98%95&itemsCount=36&searchId=5ec4c1dadb5b49a98480a91bbd6b38c3&rank=2&isAddedCart=,,,Q152-2.jpg
R153-1,시크릿데이 러브 울트라 슬림 대형 14p x 3팩 + 러브 오버나이트 10p x 2팩 생리대 날개형,https://www.coupang.com/vp/products/6835593?itemId=30244619&vendorItemId=5456790188&pickType=COU_PICK&q=%EC%8B%9C%ED%81%AC%EB%A6%BF%EB%8D%B0%EC%9D%B4+%EB%9F%AC%EB%B8%8C+%EC%9A%B8%ED%8A%B8%EB%9D%BC+%EC%8A%AC%EB%A6%BC+%EB%8C%80%ED%98%95&itemsCount=36&searchId=0768156038d24685a54e543e5b303412&rank=1&isAddedCart=,,,R153-1.jpg
R153-3,시크릿데이 러브 울트라 슬림 중형 생리대 날개형 16p x 5개 + 대형 14p,https://www.coupang.com/vp/products/149173879?itemId=431387615&vendorItemId=4063564074&q=%EC%8B%9C%ED%81%AC%EB%A6%BF%EB%8D%B0%EC%9D%B4+%EB%9F%AC%EB%B8%8C+%EC%9A%B8%ED%8A%B8%EB%9D%BC+%EC%8A%AC%EB%A6%BC+%EB%8C%80%ED%98%95&itemsCount=36&searchId=0768156038d24685a54e543e5b303412&rank=3&isAddedCart=,,,R153-3.jpg
R154-1,시크릿데이 NEW 블랙 소프트 팬티라이너,https://www.coupang.com/vp/products/153527329?itemId=442915315&vendorItemId=4097481569&q=%EB%89%B4%EC%8B%9C%ED%81%AC%EB%A6%BF%EB%8D%B0%EC%9D%B4%EB%9F%AC%EB%B8%8C%EC%98%A4%EB%B2%84%EB%82%98%EC%9D%B4%ED%8A%B8&itemsCount=36&searchId=082f832bf4ff4175826b28127c4de4d4&rank=1&isAddedCart=,,,R154-1.jpg
R154-2,시크릿데이 NEW 울트라슬림 코튼 중형 생리대 날개형,https://www.coupang.com/vp/products/181888551?itemId=521047999&vendorItemId=4346872672&q=%EB%89%B4%EC%8B%9C%ED%81%AC%EB%A6%BF%EB%8D%B0%EC%9D%B4%EB%9F%AC%EB%B8%8C%EC%98%A4%EB%B2%84%EB%82%98%EC%9D%B4%ED%8A%B8&itemsCount=36&searchId=082f832bf4ff4175826b28127c4de4d4&rank=2&isAddedCart=,,,R154-2.jpg
R154-3,시크릿데이 NEW 울트라슬림 코튼 대형 생리대 날개형,https://www.coupang.com/vp/products/181888537?itemId=521047902&vendorItemId=4346872544&q=%EB%89%B4%EC%8B%9C%ED%81%AC%EB%A6%BF%EB%8D%B0%EC%9D%B4%EB%9F%AC%EB%B8%8C%EC%98%A4%EB%B2%84%EB%82%98%EC%9D%B4%ED%8A%B8&itemsCount=36&searchId=082f832bf4ff4175826b28127c4de4d4&rank=3&isAddedCart=,,,R154-3.jpg
R155-3,시크릿데이 NEW 러브 슈퍼롱 오버나이트 생리대 날개형,https://www.coupang.com/vp/products/1735931438?itemId=2954823306&vendorItemId=70943329445&q=%EB%89%B4%EC%8B%9C%ED%81%AC%EB%A6%BF%EB%8D%B0%EC%9D%B4%EC%98%A4%EB%B2%84%EB%82%98%EC%9D%B4%ED%8A%B8&itemsCount=36&searchId=1750456996a84f329e1cf4ed38b379b3&rank=3&isAddedCart=,,,R155-3.jpg
R156-1,시크릿데이 러브 중형 생리대 날개형 16p x 3팩 + 대형 14p + NEW 슈퍼롱 오버나이트 8p,https://www.coupang.com/vp/products/1735931221?itemId=2954822842&vendorItemId=70943329036&q=%EB%89%B4%EC%8B%9C%ED%81%AC%EB%A6%BF%EB%8D%B0%EC%9D%B4%EC%98%A4%EB%B2%84%EB%82%98%EC%9D%B4%ED%8A%B8%EC%8A%88%ED%8D%BC%EB%A1%B1&itemsCount=36&searchId=c8268086e8254182b1be9d4b902b3ecb&rank=1&isAddedCart=,,,R156-1.jpg
R156-2,좋은느낌 유기농순면 뉴 오버나이트 10매 x 3팩,https://www.coupang.com/vp/products/130865983?itemId=385186389&vendorItemId=70720643553&q=%EB%89%B4%EC%8B%9C%ED%81%AC%EB%A6%BF%EB%8D%B0%EC%9D%B4%EC%98%A4%EB%B2%84%EB%82%98%EC%9D%B4%ED%8A%B8%EC%8A%88%ED%8D%BC%EB%A1%B1&itemsCount=36&searchId=c8268086e8254182b1be9d4b902b3ecb&rank=2&isAddedCart=,,,R156-2.jpg
R156-3,시크릿데이 러브 대형 생리대 날개형 14p x 3팩 + NEW 슈퍼롱 오버나이트 8p,https://www.coupang.com/vp/products/1735931347?itemId=2954823149&vendorItemId=70943329120&q=%EB%89%B4%EC%8B%9C%ED%81%AC%EB%A6%BF%EB%8D%B0%EC%9D%B4%EC%98%A4%EB%B2%84%EB%82%98%EC%9D%B4%ED%8A%B8%EC%8A%88%ED%8D%BC%EB%A1%B1&itemsCount=36&searchId=c8268086e8254182b1be9d4b902b3ecb&rank=3&isAddedCart=,,,R156-3.jpg
R157-1,시크릿데이 롱 팬티라이너,https://www.coupang.com/vp/products/172138376?itemId=512585166&vendorItemId=4317690763&q=%EC%8B%9C%ED%81%AC%EB%A6%BF%EB%8D%B0%EC%9D%B4+%EB%A1%B1%EB%9D%BC%EC%9D%B4%EB%84%88&itemsCount=36&searchId=88741c4d136547728cec07c363499567&rank=1&isAddedCart=,,,R157-1.jpg
R157-3,시크릿데이 슈퍼롱 오버나이트 생리대 날개형,https://www.coupang.com/vp/products/291688785?itemId=922598356&vendorItemId=5295529966&q=%EC%8B%9C%ED%81%AC%EB%A6%BF%EB%8D%B0%EC%9D%B4+%EB%A1%B1%EB%9D%BC%EC%9D%B4%EB%84%88&itemsCount=36&searchId=88741c4d136547728cec07c363499567&rank=3&isAddedCart=,,,R157-3.jpg
R158-2,시크릿데이 입는 오버나이트 대형 생리대,https://www.coupang.com/vp/products/288435673?itemId=913559859&vendorItemId=5282069365&pickType=COU_PICK&q=%EC%8B%9C%ED%81%AC%EB%A6%BF%EB%8D%B0%EC%9D%B4+%EC%83%9D%EB%A6%AC%EB%8C%80+%EB%8C%80%ED%98%95&itemsCount=36&searchId=bcc91adbbd004c2d9b6f582f1d0c5afa&rank=2&isAddedCart=,,,R158-2.jpg
R159-2,시크릿데이 블랙 슬림 하트 중형 생리대 날개형,https://www.coupang.com/vp/products/153527336?itemId=442915330&vendorItemId=4097481619&isAddedCart=,,,R159-2.jpg
R160-1,시크릿데이 생리대 러브 울트라 슬림 중형16p x 4팩 + 대형14p,https://www.coupang.com/vp/products/6835588?itemId=30244614&vendorItemId=5453051080&q=%EC%8B%9C%ED%81%AC%EB%A6%BF%EB%8D%B0%EC%9D%B4+%EC%9D%BC%EB%B0%98%EB%9D%BC%EC%9D%B4%EB%84%88&itemsCount=36&searchId=60a1a6b392aa418ea7886ea5742027ea&rank=1&isAddedCart=,,,R160-1.jpg
R160-2,시크릿데이 유기농 순면커버 미피 일반 팬티라이너,https://www.coupang.com/vp/products/289625657?itemId=916740149&vendorItemId=5286418550&q=%EC%8B%9C%ED%81%AC%EB%A6%BF%EB%8D%B0%EC%9D%B4+%EC%9D%BC%EB%B0%98%EB%9D%BC%EC%9D%B4%EB%84%88&itemsCount=36&searchId=60a1a6b392aa418ea7886ea5742027ea&rank=2&isAddedCart=,,,R160-2.jpg
R160-3,시크릿데이 생리대 러브 울트라 슬림 중형16p x 3팩 + 오버나이트10p x 2팩,https://www.coupang.com/vp/products/6835591?itemId=30244617&vendorItemId=5456758001&pickType=COU_PICK&q=%EC%8B%9C%ED%81%AC%EB%A6%BF%EB%8D%B0%EC%9D%B4+%EC%9D%BC%EB%B0%98%EB%9D%BC%EC%9D%B4%EB%84%88&itemsCount=36&searchId=60a1a6b392aa418ea7886ea5742027ea&rank=3&isAddedCart=,,,R160-3.jpg
R163-1,시크릿데이 블랙 슬림 하트 대형 생리대 날개형 14p x 2팩 + 중형 16p,https://www.coupang.com/vp/products/154352555?itemId=445057941&vendorItemId=4102371461&q=%EC%8B%9C%ED%81%AC%EB%A6%BF%EB%8D%B0%EC%9D%B4%EC%8A%AC%EB%A6%BC%ED%95%98%ED%8A%B8%EC%A4%91%ED%98%95&itemsCount=4&searchId=722d115151d343658492d8a32cf1f9b6&rank=1&isAddedCart=,,,R163-1.jpg
R163-2,시크릿데이 블랙 슬림 하트 중형 16p x 2팩 + 대형 14p 생리대 날개형,https://www.coupang.com/vp/products/154352561?itemId=445057952&vendorItemId=4102371486&q=%EC%8B%9C%ED%81%AC%EB%A6%BF%EB%8D%B0%EC%9D%B4%EC%8A%AC%EB%A6%BC%ED%95%98%ED%8A%B8%EC%A4%91%ED%98%95&itemsCount=4&searchId=722d115151d343658492d8a32cf1f9b6&rank=2&isAddedCart=,,,R163-2.jpg
R164-1,에이스몰 좋은느낌 매직쿠션 슬림날개 중형 16매 x 4입,https://www.coupang.com/vp/products/290676977?itemId=919816855&vendorItemId=5290893407&q=%EC%8B%9C%ED%81%AC%EB%A6%BF%EB%8D%B0%EC%9D%B4%EC%9A%B8%ED%8A%B8%EB%9D%BC%EC%8A%AC%EB%A6%BC%EB%8C%80%ED%98%95%EC%97%90%EC%9D%B4&itemsCount=2&searchId=4bbaae437e154af49dae1c651004f6ae&rank=1&isAddedCart=,,,R164-1.jpg
R168-1,시크릿데이 유기농 순면커버 미피 롱 팬티라이너,https://www.coupang.com/vp/products/289608207?itemId=916681974&vendorItemId=5286357709&q=%EC%8B%9C%ED%81%AC%EB%A6%BF%EB%8D%B0%EC%9D%B4+%ED%8C%AC%ED%8B%B0%EB%9D%BC%EC%9D%B4%EB%84%88+%EB%A1%B1&itemsCount=36&searchId=97648a96f6a243f78e98207a3252b7c9&rank=1&isAddedCart=,,,R168-1.jpg
R168-2,시크릿데이 코튼 롱 팬티라이너,https://www.coupang.com/vp/products/178884298?itemId=512242365&vendorItemId=4316763672&q=%EC%8B%9C%ED%81%AC%EB%A6%BF%EB%8D%B0%EC%9D%B4+%ED%8C%AC%ED%8B%B0%EB%9D%BC%EC%9D%B4%EB%84%88+%EB%A1%B1&itemsCount=36&searchId=97648a96f6a243f78e98207a3252b7c9&rank=2&isAddedCart=,,,R168-2.jpg
T172-1,허브데이 러브유 생리대 팬티라이너4팩(80매),https://www.coupang.com/vp/products/115785801?itemId=346921666&vendorItemId=4127984794&q=%EB%9F%AC%EB%B8%8C%EC%9C%A0%ED%97%88%EB%B8%8C%EB%8D%B0%EC%9D%B4%EB%8C%80%ED%98%95&itemsCount=19&searchId=bc4780f4f3994bac8e126b405c37c6bf&rank=1&isAddedCart=,,,T172-1.jpg
T172-2,허브데이 세트4 (대형2팩+중형2팩) 총40매 생리대,https://www.coupang.com/vp/products/38407794?itemId=141434421&vendorItemId=4127989903&q=%EB%9F%AC%EB%B8%8C%EC%9C%A0%ED%97%88%EB%B8%8C%EB%8D%B0%EC%9D%B4%EB%8C%80%ED%98%95&itemsCount=19&searchId=bc4780f4f3994bac8e126b405c37c6bf&rank=2&isAddedCart=,,,T172-2.jpg
T172-3,허브데이 생리대 알뜰세트3 (팬티라이너3팩),https://www.coupang.com/vp/products/43625404?itemId=157429086&vendorItemId=4128075977&q=%EB%9F%AC%EB%B8%8C%EC%9C%A0%ED%97%88%EB%B8%8C%EB%8D%B0%EC%9D%B4%EB%8C%80%ED%98%95&itemsCount=19&searchId=bc4780f4f3994bac8e126b405c37c6bf&rank=3&isAddedCart=,,,T172-3.jpg
T173-1,허브데이 중형 생리대 날개형,https://www.coupang.com/vp/products/185892900?itemId=572912019&vendorItemId=4504093746&pickType=COU_PICK&q=%EB%9F%AC%EB%B8%8C%EC%9C%A0%ED%97%88%EB%B8%8C%EB%8D%B0%EC%9D%B4%EC%A4%91%ED%98%95&itemsCount=36&searchId=2e8130aae745480f991e6b11e262201e&rank=1&isAddedCart=,,,T173-1.jpg
T173-2,허브데이 대형 생리대 날개형 10p x 3팩 + 중형 10p x 3팩,https://www.coupang.com/vp/products/198379239?itemId=572912032&vendorItemId=4504093790&q=%EB%9F%AC%EB%B8%8C%EC%9C%A0%ED%97%88%EB%B8%8C%EB%8D%B0%EC%9D%B4%EC%A4%91%ED%98%95&itemsCount=36&searchId=2e8130aae745480f991e6b11e262201e&rank=2&isAddedCart=,,,T173-2.jpg
U176-1,허밍스 생리대 궁 중형,https://www.coupang.com/vp/products/252481694?itemId=795442515&vendorItemId=5019188287&q=%ED%97%88%EB%B0%8D%EC%8A%A4%ED%9C%B4%EC%9A%B8%ED%8A%B8%EB%9D%BC%EC%8A%AC%EB%A6%BC%EB%8C%80%ED%98%95&itemsCount=36&searchId=132e8f4a83e14e55805bb8f441cc9bcb&rank=1&isAddedCart=,,,U176-1.jpg
U176-2,허밍스 팬티라이너 롱,https://www.coupang.com/vp/products/176629958?itemId=505008275&vendorItemId=4292502182&q=%ED%97%88%EB%B0%8D%EC%8A%A4%ED%9C%B4%EC%9A%B8%ED%8A%B8%EB%9D%BC%EC%8A%AC%EB%A6%BC%EB%8C%80%ED%98%95&itemsCount=36&searchId=132e8f4a83e14e55805bb8f441cc9bcb&rank=2&isAddedCart=,,,U176-2.jpg
U177-3,허밍스 생리대 궁 울트라슬림 중형 날개형,https://www.coupang.com/vp/products/1090172668?itemId=2045565707&vendorItemId=70044928200&q=%ED%97%88%EB%B0%8D%EC%8A%A4%ED%9C%B4%EC%9A%B8%ED%8A%B8%EB%9D%BC%EC%8A%AC%EB%A6%BC%EC%A4%91%ED%98%95&itemsCount=36&searchId=a7555a453c0149a0a3a85745355b9a25&rank=3&isAddedCart=,,,U177-3.jpg
